Name ,  RA , Decl , ERR , T100 , T90 , UTT(Trigger) , UTPrecSec , T1 , T2 , Tfluence , Alpha , Beta , Epeak , Fluence , emin, emax,  z , f , epsilon1 , epsilon2 , AlphaNu , BetaNu , GammaNu ,A2Alt, A2Az,A3Alt, A3Az
140113A,75.63,3.18,9.99,68.87,68.87,1/13/14 4:23,0.474,-5.89,62.98,68.87,1.05,2.25,205,2.65E-06,0.008,1,2.15,1.66E-15,0.74,3.17,0.75,1.95,3.95,-3.008514,6.96592,-3.020789,345.352313
130929B,200.93,2.8,19.67,2.3,2.3,9/29/13 9:00,0.006,-2.24,0.06,2.3,1.05,2.25,205,3.23E-07,0.008,1,2.15,2.02E-16,0.74,3.17,0.75,1.95,3.95,-2.915404,167.459902,-2.880814,145.839583
150412A,186.79,2.91,17.59,0.58,0.58,4/12/15 12:10,0.742,-0.13,0.45,0.58,1.05,2.25,205,1.30E-07,0.008,1,0.5,2.00E-17,2.1,3.26,0.75,2.75,4.75,-2.811497,273.675697,-2.879606,252.057653
160314C,161.99,2.83,19.99,1.66,1.66,3/14/16 11:21,0.488,-0.7,0.96,1.66,1.05,2.25,205,1.32E-07,0.008,1,0.5,2.04E-17,2.1,3.26,0.75,2.75,4.75,-2.679639,289.05273,-2.749609,267.435608
141206A,320.56,2.42,9.29,4.61,4.61,12/6/14 6:05,0.71,-1.28,3.33,4.61,1.05,2.25,205,5.37E-07,0.008,1,2.15,3.36E-16,0.74,3.17,0.75,1.95,3.95,-2.506843,264.044806,-2.571279,242.426354
140331A,134.864,2.717,0.0003,233.86,209,3/31/14 5:49,0,87.28,321.14,233.86,2.01,3.01,200,6.70E-07,0.015,0.15,2.15,4.35E-16,0.35,3.17,-0.01,0.99,2.99,-2.49476,328.780812,-2.54702,307.165625
160301A,114.4,2.29,3.48,29.69,29.69,3/1/16 5:10,0.519,0.26,29.95,29.69,1.05,2.25,205,5.94E-06,0.008,1,2.15,3.72E-15,0.74,3.17,0.75,1.95,3.95,-2.063633,347.302465,-2.098387,325.687436
140906C,314.961,1.939,0.1703,0.128,0.16,9/6/14 23:51,0.815,0,0.128,0,1,2,1000,1.00E-05,0.01,10,0.5,4.76E-15,0.31,2.1,1,2,4,-1.97174,81.061948,-1.908816,59.445751
130404A,30.75,1.54,7.24,3.33,3.33,4/4/13 10:15,0.052,-1.54,1.79,3.33,1.05,2.25,205,8.43E-07,0.008,1,2.15,5.27E-16,0.74,3.17,0.75,1.95,3.95,-1.771675,153.806295,-1.723695,132.187502
160215A,356.79,1.73,3.44,141.32,141.32,2/15/16 18:33,0.387,54.27,195.59,141.32,1.05,2.25,205,5.04E-05,0.008,1,2.15,3.15E-14,0.74,3.17,0.75,1.95,3.95,-1.679484,43.109633,-1.648743,21.494224
141230A,56.98,1.59,3.86,9.86,9.86,12/30/14 3:24,0.637,0,9.86,5.1,1.51,3.51,75,1.20E-06,0.01,1,2.15,5.64E-16,0.63,3.17,-0.51,1.49,3.49,-1.452256,17.292873,-1.451977,355.677411
130913A,341.96,1.294,0.0507,10,10,9/13/13 0:28,0,-2,8,10,0.9,1.9,200,1.30E-07,0.015,0.15,2.15,1.48E-15,0.35,3.17,1.1,2.1,4.1,-1.379049,92.585283,-1.311261,70.968457
140102A,211.919,1.333,0.0003,132.22,10.496,1/2/14 21:17,0.245,0,132.22,10.496,1.05,2.68,185,2.00E-05,0.02,10,2.15,1.37E-14,0.6,3.17,0.32,1.95,3.95,-1.29953,259.97536,-1.361861,238.357382
150806A,106.85,1.01,2.8,85.25,85.25,8/6/15 8:21,0.96,-1.28,83.97,85.25,1.05,2.25,205,6.69E-06,0.008,1,2.15,4.19E-15,0.74,3.17,0.75,1.95,3.95,-1.121694,136.767208,-1.06088,115.149309
140906B,185.84,0.98,1.6,20.74,20.74,9/6/14 10:18,0.364,1.02,21.76,23,1.4,3.4,330,9.91E-06,0.01,1,2.15,1.35E-14,0.21,3.17,-0.4,1.6,3.6,-1.073175,155.786732,-1.026985,134.16853
150822A,144.46,0.85,5.4,13.31,13.31,8/22/15 4:16,0.524,-0.51,12.8,13.31,1.05,2.25,205,2.58E-06,0.008,1,2.15,1.61E-15,0.74,3.17,0.75,1.95,3.95,-0.924277,220.170287,-0.95175,198.551995
150426B,283.52,0.65,3.25,61.7,61.7,4/26/15 22:59,0.683,-45.57,16.13,61.7,1.05,2.25,205,6.18E-06,0.008,1,2.15,3.87E-15,0.74,3.17,0.75,1.95,3.95,-0.854589,194.009735,-0.850856,172.391457
150906A,212.04,1.09,5.19,0.32,0.32,9/6/15 22:38,0.307,-0.26,0.06,0.128,0.6,2.6,597,4.94E-07,0.01,1,0.5,4.13E-16,0.52,2.1,0.4,2.4,4.4,-0.830368,356.543429,-0.854911,334.927156
140311A,209.305,0.642,0.0003,88.192,71.4,3/11/14 21:05,0,-4.456,83.736,88.192,1.67,2.67,200,2.30E-06,0.015,0.15,4.95,2.33E-14,0.1,1.68,0.33,1.33,3.33,-0.75535,193.43479,-0.750916,171.816635
130725A,230.06,0.624,0.0253,113.23,101.8,7/25/13 11:37,0,-9.83,103.4,113.23,1.6,2.6,200,9.70E-07,0.015,0.15,2.15,1.45E-15,0.35,3.17,0.4,1.4,3.4,-0.71766,222.302221,-0.74751,200.684173
160224A,319.87,0.75,9.41,0.38,0.38,2/24/16 21:51,0.871,-0.06,0.32,0.38,1.05,2.25,205,1.21E-07,0.008,1,0.5,1.86E-17,2.1,3.26,0.75,2.75,4.75,-0.702285,307.72164,-0.767796,286.104719
150106A,40.83,0.31,13.14,79.88,79.88,1/6/15 22:05,0.248,-2.82,77.06,79.88,1.05,2.25,205,1.02E-06,0.008,1,2.15,6.35E-16,0.74,3.17,0.75,1.95,3.95,-0.316078,73.081172,-0.258025,51.464131
130324A,255.43,0.05,6.03,37.76,37.76,3/24/13 1:00,0.747,-6.27,31.49,37.76,1.05,2.25,205,1.90E-06,0.008,1,2.15,1.19E-15,0.74,3.17,0.75,1.95,3.95,-0.216136,168.532505,-0.182694,146.915054
130903A,82.133,-0.125,0.0152,77.54,70,9/3/13 0:47,0,0,77.54,70,0.7,2.7,41,2.00E-06,0.01,1,2.15,3.91E-16,1.72,3.17,0.3,2.3,4.3,-0.066222,197.854149,-0.067185,176.23683
160127A,225.982,0.073,0.0003,7.14,6.16,1/27/16 8:43,0,-1.44,5.7,7.14,0.99,2.99,25.6,3.30E-07,0.015,0.15,2.15,4.66E-17,2.75,3.17,0.01,2.01,4.01,0.024592,79.035421,0.086392,57.418152
130502A,138.569,-0.123,0.0003,3.71,3.33,5/2/13 17:50,0.741,-0.51,3.2,3.264,1,3,83,5.00E-07,0.01,1,2.15,2.40E-16,0.85,3.17,0,2,4,0.087778,120.015798,0.15601,98.398594
141028A,322.7,-0.28,0.4,31.48,31.48,10/28/14 10:54,0.783,6.66,38.14,31.7,0.71,1.93,249.9,3.48E-05,0.01,1,1.82,1.91E-14,1.01,3.54,1.07,2.29,4.29,0.094424,232.194144,0.054139,210.576981
130708A,17.474,0.003,0.0162,15.08,-,7/8/13 11:43,0,0,15.08,0,0.9,2.9,158,2.30E-06,0.01,1,2.15,2.86E-15,0.45,3.17,0.1,2.1,4.1,0.095693,24.99809,0.105355,3.380731
150608A,13.389,-0.213,0.0608,5.586,-,6/8/15 11:45,0,0,5.586,5.586,1.56,3.56,209,2.40E-05,0.02,10,2.15,1.90E-14,0.34,3.17,-0.56,1.44,3.44,0.251302,50.392422,0.289768,28.774909
150613A,106.13,-0.46,5.96,27.4,27.4,6/13/15 10:04,0.008,-4.1,23.3,27.4,1.05,2.25,205,2.61E-06,0.008,1,2.15,1.63E-15,0.74,3.17,0.75,1.95,3.95,0.305283,163.521084,0.34397,141.904177
160525A,103.575,-0.199,0.0345,64,64,5/25/16 1:33,0,0,64,64,2.58,3.58,200,1.90E-07,0.015,0.15,2.15,5.27E-17,0.35,3.17,-0.58,0.42,2.42,0.337841,306.91428,0.271989,285.296916
160117A,20.367,-0.677,0.0182,155,118.58,1/17/16 10:13,0,-46,109,155,2.14,3.14,200,3.10E-06,0.015,0.15,2.15,1.65E-15,0.35,3.17,-0.14,0.86,2.86,0.451463,220.580482,0.423529,198.963735
130313A,236.438,-0.355,0.0263,0.25,0.26,3/13/13 16:08,0,-0.02,0.23,0.25,1.37,2.37,1000,3.10E-08,0.015,0.15,0.5,8.95E-17,0.31,2.1,0.63,1.63,3.63,0.470805,292.814916,0.401145,271.197625
140628A,40.672,-0.378,0.0101,12.36,10.5,6/28/14 13:35,0,-1.24,11.12,12.36,1.56,2.56,200,1.30E-06,0.015,0.15,2.15,2.14E-15,0.35,3.17,0.44,1.44,3.44,0.48166,30.083861,0.49743,8.466041
140624A,23.16,-0.56,4.57,0.1,0.1,6/24/14 10:08,0.895,-0.08,0.02,0.1,1.05,2.25,205,2.42E-07,0.008,1,0.5,3.73E-17,2.1,3.26,0.75,2.75,4.75,0.555908,68.395602,0.61057,46.777919
141109A,144.531,-0.608,0.0003,323.15,94,11/9/14 5:49,0,0,323.15,94,1.24,3.24,191,1.37E-05,0.01,10,1.67,7.59E-15,0.51,3.73,-0.24,1.76,3.76,0.58489,118.618686,0.653483,97.0016
140918A,356.18,-0.54,17.25,165.63,165.63,9/18/14 9:06,0.076,-3.84,161.79,165.63,1.05,2.25,205,2.12E-06,0.008,1,2.15,1.33E-15,0.74,3.17,0.75,1.95,3.95,0.623018,332.363611,0.57377,310.745854
130830A,142.97,-0.55,7.71,83.97,83.97,8/30/13 20:44,0.549,-2.05,81.92,83.97,1.05,2.25,205,1.89E-06,0.008,1,2.15,1.18E-15,0.74,3.17,0.75,1.95,3.95,0.761071,322.437503,0.703982,300.819747
161004A,263.152,-0.951,0.0003,1.17,1.08,10/4/16 12:58,0,-0.11,1.06,1.17,1.26,2.26,1000,9.50E-08,0.015,0.15,0.5,4.14E-16,0.31,2.1,0.74,1.74,3.74,0.7746,164.807445,0.811967,143.191027
141005B,267.29,-1.09,19.56,11.26,11.26,10/5/14 12:49,0.621,-1.28,9.98,11.26,1.05,2.25,205,7.18E-07,0.008,1,2.15,4.49E-16,0.74,3.17,0.75,1.95,3.95,0.902469,170.577857,0.933694,148.961624
131006B,139.36,-0.87,5.86,41.99,41.99,10/6/13 20:09,0.707,-4.1,37.89,41.99,1.05,2.25,205,1.84E-06,0.008,1,2.15,1.15E-15,0.74,3.17,0.75,1.95,3.95,0.996234,291.121699,0.926397,269.504379
131029B,110.28,-1.37,5.79,50.95,50.95,10/29/13 23:45,0.933,-7.94,43.01,50.95,1.05,2.25,205,4.49E-06,0.008,1,2.15,2.81E-15,0.74,3.17,0.75,1.95,3.95,1.208339,185.227037,1.222701,163.611254
140818B,271.136,-1.386,0.0003,23.71,20.99,8/18/14 18:44,0.703,-4.61,19.1,26.64,1.7,2.7,200,1.60E-06,0.01,1,2.15,9.79E-16,0.35,3.17,0.3,1.3,3.3,1.251125,132.923397,1.314127,111.306843
130305B,73.32,-1.56,1.76,118.53,118.53,3/5/13 12:37,0.722,1.28,119.81,118.53,1.05,2.25,205,1.52E-06,0.008,1,2.15,9.52E-16,0.74,3.17,0.75,1.95,3.95,1.355933,190.32168,1.364153,168.706094
150220A,135.496,-1.597,0.1577,155.692,144.65,2/20/15 14:21,0.6,1.02,156.712,47.1,0.97,2.41,170.8,2.72E-05,0.01,1,2.15,1.52E-14,0.8,3.17,0.59,2.03,4.03,1.565951,239.797393,1.518442,218.18154
131031A,29.618,-1.603,0.0405,15.708,7.43,10/31/13 11:33,0.822,-0.26,15.448,7.421,0.8,2.3,92.1,4.30E-06,0.01,1,2.15,8.75E-16,1.66,3.17,0.7,2.2,4.2,1.58726,286.182186,1.517257,264.564978
131231A,10.59,-1.653,0.0001,36.993,31.23,12/31/13 4:45,0.083,13.31,50.303,55.997,1.1,2.14,146,2.51E-06,0.01,1,0.642,8.92E-17,4.18,6.07,0.86,1.9,3.9,1.696496,309.374489,1.631724,287.756479
140129A,37.891,-1.595,0.0001,3.37,2.99,1/29/14 3:23,0,1.25,4.62,3.37,2.08,3.08,200,1.30E-07,0.015,0.15,2.15,7.56E-17,0.35,3.17,-0.08,0.92,2.92,1.696761,328.469789,1.644247,306.851201
150520A,128.53,-1.63,9.87,15.61,15.61,5/20/15 21:25,0.19,-1.79,13.82,15.61,1.05,2.25,205,9.39E-07,0.008,1,2.15,5.88E-16,0.74,3.17,0.75,1.95,3.95,1.834638,38.827064,1.860593,17.207729
140724A,314.73,-1.85,28.68,0.9,0.9,7/24/14 12:47,0.975,-0.26,0.64,0.9,1.05,2.25,205,1.27E-07,0.008,1,0.5,1.96E-17,2.1,3.26,0.75,2.75,4.75,1.855586,290.507183,1.7857,268.889812
160503A,0.54,-1.93,0.52,59.39,59.39,5/3/16 13:36,0.008,-2.3,57.09,33.8,1.28,3.28,138.7,2.15E-06,0.01,1,2.15,1.53E-15,0.51,3.17,-0.28,1.72,3.72,1.976524,44.436405,2.008711,22.817004
130905A,275.89,-2.31,2.18,21.25,21.25,9/5/13 9:02,0.457,-0.26,20.99,21.25,1.05,2.25,205,4.44E-06,0.008,1,2.15,2.78E-15,0.74,3.17,0.75,1.95,3.95,2.283535,265.587669,2.218385,243.97144
140719B,39.731,-2.384,0.0172,66,53,7/19/14 20:49,0.68,-17,49,66,1.8,2.8,200,1.30E-06,0.015,0.15,2.15,1.24E-15,0.35,3.17,0.2,1.2,3.2,2.287337,259.648093,2.225189,238.032126
150922A,292.96,-2.25,6.76,1.084,0.15,9/22/15 5:37,0.076,-0.02,1.064,0.064,0.17,2.17,393,7.94E-07,0.02,10,0.5,2.56E-16,0.79,2.1,0.83,2.83,4.83,2.351551,317.721972,2.291324,296.103288
130815B,112.37,-2.15,1,37.89,37.89,8/15/13 15:50,0.217,1.28,39.17,37.89,1.05,2.25,205,1.18E-05,0.008,1,2.15,7.36E-15,0.74,3.17,0.75,1.95,3.95,2.357114,20.312544,2.361078,358.692427
141003B,137.64,-2.21,7.02,7.42,7.42,10/3/14 18:55,0.199,-1.79,5.63,7.42,1.05,2.25,205,1.34E-06,0.008,1,2.15,8.41E-16,0.74,3.17,0.75,1.95,3.95,2.395347,311.279065,2.331494,289.660642
130527B,175.79,-2.52,3.08,27.78,27.78,5/27/13 15:02,0.542,-0.9,26.88,27.78,1.05,2.25,205,1.09E-05,0.008,1,2.15,6.82E-15,0.74,3.17,0.75,1.95,3.95,2.408251,174.780103,2.4348,153.165605
130803A,220.253,-2.492,0.0003,48.09,7.62,8/3/13 10:02,0.753,-3.33,44.76,5.9,0.85,2.85,141.6,2.50E-06,0.01,1,2.15,2.82E-15,0.5,3.17,0.15,2.15,4.15,2.419571,227.257973,2.38436,205.643274
131127B,304.839,-2.83,0.9323,21.76,21.76,11/27/13 14:12,0.678,0,21.76,20.483,1.05,2.24,181.7,3.85E-05,0.01,1,2.15,2.02E-14,0.84,3.17,0.76,1.95,3.95,2.648676,134.994365,2.710533,113.378662
131117B,213.27,-2.47,2.13,93.95,93.95,11/17/13 18:23,0.457,-1.79,92.16,93.95,1.05,2.25,205,1.44E-05,0.008,1,2.15,9.00E-15,0.74,3.17,0.75,1.95,3.95,2.719596,350.302722,2.688068,328.682532
160226A,92.3,-2.87,6.07,105.47,105.47,2/26/16 21:54,0.28,-2.05,103.42,105.47,1.05,2.25,205,4.97E-06,0.008,1,2.15,3.11E-15,0.74,3.17,0.75,1.95,3.95,2.919773,77.443898,2.980634,55.824877
131004A,296.113,-2.959,0.0003,2.05,1.54,10/4/13 21:41,0,-0.25,1.8,0.77,1.75,2.75,200,6.20E-07,0.01,1,0.717,5.10E-17,1.19,5.81,0.25,1.25,3.25,2.995189,67.008009,3.048775,45.388393
150911B,355.28,-2.9,7.32,41.73,41.73,9/11/15 7:32,0.363,-18.43,23.3,41.73,1.05,2.25,205,2.80E-06,0.008,1,2.15,1.75E-15,0.74,3.17,0.75,1.95,3.95,2.999787,1.956132,2.981535,340.335363
130722A,260.652,-2.973,0.0002,55.191,55.191,7/22/13 8:20,0.378,0,55.191,55.191,0.92,2.92,179,2.35E-05,0.02,10,2.15,3.10E-14,0.39,3.17,0.08,2.08,4.08,3.09188,305.275179,3.025374,283.656773
130822A,27.922,-3.209,0.0004,0.048,0.04,8/22/13 15:54,0,-0.004,0.044,0.048,1.64,2.64,1000,1.30E-08,0.015,0.15,0.154,6.19E-18,0.52,2.73,0.36,1.36,3.36,3.198228,288.104095,3.128228,266.486787
150127B,140.184,-3.205,0.242,84.616,60.93,1/27/15 14:08,0.677,2.56,87.176,79,1.08,2.8,240,1.99E-05,0.01,1,2.15,2.20E-14,0.43,3.17,0.2,1.92,3.92,3.277626,271.429082,3.210204,249.812914
150506C,29.25,-3.37,15.95,0.38,0.38,5/6/15 23:19,0.198,-0.19,0.19,0.38,1.05,2.25,205,3.13E-07,0.008,1,0.5,4.82E-17,2.1,3.26,0.75,2.75,4.75,3.346655,284.828872,3.276697,263.211793
150507A,19.13,-3.8,1.35,63.49,63.49,5/7/15 0:37,0.216,24.83,88.32,63.49,1.05,2.25,205,1.52E-05,0.008,1,2.15,9.51E-15,0.74,3.17,0.75,1.95,3.95,3.672698,255.096735,3.613303,233.481858
141112B,78.31,-4,7.42,63.75,63.75,11/12/14 19:52,0.846,-6.66,57.09,63.75,1.05,2.25,205,2.10E-06,0.008,1,2.15,1.32E-15,0.74,3.17,0.75,1.95,3.95,3.804227,198.325555,3.802685,176.712971
161218A,245.25,-4.113,0.0101,19.5,7,12/18/16 3:47,0.97,0,19.5,10.496,0.28,3.4,128,1.24E-05,0.02,10,2.15,9.62E-15,0.82,3.17,-0.4,2.72,4.72,3.987171,211.093006,3.970198,189.480492
140723A,210.63,-3.73,0.35,56.32,45,7/23/14 1:36,0.357,0,56.32,33.024,1.1,3.1,1142,2.30E-05,0.02,10,2.15,1.40E-13,0.06,3.17,-0.1,1.9,3.9,3.987377,355.67799,3.961842,334.056223
140526A,131.23,-4.15,3.71,79.11,79.11,5/26/14 10:47,0.839,0.51,79.62,79.11,1.05,2.25,205,6.79E-06,0.008,1,2.15,4.25E-15,0.74,3.17,0.75,1.95,3.95,4.0238,195.412415,4.025817,173.800101
131011A,32.526,-4.412,0.0011,77.05,77.05,10/11/13 17:47,0.987,-4.62,72.43,28,0.79,2,220,6.60E-05,0.01,1,2.15,4.43E-14,0.87,3.17,1,2.21,4.21,4.190074,215.032457,4.168475,193.420086
130518C,289.72,-4.15,2.7,3.45,3.45,5/18/13 13:13,0.614,0.13,3.58,3.45,1.05,2.25,205,1.76E-06,0.008,1,2.15,1.10E-15,0.74,3.17,0.75,1.95,3.95,4.278624,324.928505,4.223349,303.308073
150418A,159.791,-4.326,0.0608,29,29,4/18/15 0:52,0,0,29,29,2.24,3.24,200,2.94E-06,0.01,10,2.15,8.79E-16,0.35,3.17,-0.24,0.76,2.76,4.529012,50.843283,4.567934,29.221416
131229A,85.232,-4.396,0.0002,28.04,12,12/29/13 6:39,0.971,-6,22.04,13.056,0.65,2.65,352,2.45E-05,0.02,10,2.15,8.91E-14,0.2,3.17,0.35,2.35,4.35,4.581554,357.358759,4.557942,335.736254
150213A,95.29,-4.85,1,4.1,4.1,2/13/15 0:01,0.704,0.48,4.58,4.1,1.1,2.6,57.8,2.78E-05,0.01,1,2.15,4.03E-15,1.99,3.17,0.4,1.9,3.9,4.951501,62.037014,5.00098,40.415464
160607A,13.667,-4.949,0.0003,57.97,33.4,6/7/16 11:14,0,-13.89,44.08,38.912,0.68,2.51,176,4.12E-05,0.02,10,2.15,2.42E-14,0.78,3.17,0.49,2.32,4.32,4.959599,58.807033,5.006209,37.185241
130628A,6.29,-5.07,1.71,24.25,2.4,6/28/13 12:44,0.634,-5,19.25,28.7,1.51,3.51,128,9.90E-06,0.01,1,2.15,7.32E-15,0.37,3.17,-0.51,1.49,3.49,5.180975,8.376,5.170393,346.752494
131030A,345.067,-5.368,0.0002,149.41,41.1,10/30/13 20:56,0,-6.04,143.37,27.904,0.71,2.95,177,6.60E-05,0.02,10,1.293,1.77E-14,1.18,4.35,0.05,2.29,4.29,5.252823,101.562573,5.322513,79.944714
160409A,289.705,-5.39,0.0304,24.832,35,4/9/16 5:54,0.43,0,24.832,24.832,0.68,2.68,209,1.80E-05,0.02,10,2.15,3.43E-14,0.34,3.17,0.32,2.32,4.32,5.284283,113.171093,5.353898,91.554549
130513A,144.775,-5.244,0.0203,50,50,5/13/13 7:38,0,0,50,50,1,2,200,1.00E-06,0.02,0.2,2.15,6.25E-15,0.35,3.17,1,2,4,5.305137,268.902224,5.238613,247.287
150801B,82.966,-5.389,0.0003,464.1,426,8/1/15 22:41,0,-30.16,433.94,464.1,1.84,2.84,200,3.10E-06,0.015,0.15,2.15,2.73E-15,0.35,3.17,0.16,1.16,3.16,5.35341,262.16952,5.289903,240.555028
150303A,114.81,-5.54,5.12,4.87,4.87,3/3/15 12:22,0.372,-0.26,4.61,4.87,1.05,2.25,205,6.25E-07,0.008,1,2.15,3.91E-16,0.74,3.17,0.75,1.95,3.95,5.480065,238.016093,5.434176,216.403907
130504B,347.952,-5.739,0.228,5,0.43,5/4/13 7:31,0.723,0,5,0.512,0.42,3.4,1300,6.01E-06,0.01,1,2.15,1.54E-13,0.08,3.17,-0.4,2.58,4.58,5.564163,122.493598,5.631651,100.878187
161113A,179.795,-5.309,0.0004,64.76,42.6,11/13/16 17:30,0,0.12,64.88,64.76,1.73,2.73,200,1.50E-06,0.015,0.15,2.15,1.66E-15,0.35,3.17,0.27,1.27,3.27,5.570256,333.836894,5.522302,312.214703
131030C,186.29,-5.34,4.28,27.39,27.39,10/30/13 18:59,0.772,-2.56,24.83,27.39,1.05,2.25,205,3.51E-06,0.008,1,2.15,2.20E-15,0.74,3.17,0.75,1.95,3.95,5.582488,331.968834,5.532897,310.346788
131127C,49.4,-5.67,4.07,59.65,59.65,11/27/13 11:31,0.589,0.77,60.42,59.65,1.05,2.25,205,4.24E-06,0.008,1,2.15,2.66E-15,0.74,3.17,0.75,1.95,3.95,5.652741,279.969562,5.583265,258.353176
140327A,283.12,-6.15,5.31,11.52,11.52,3/27/14 1:33,0.848,-4.86,6.66,11.52,1.05,2.25,205,8.79E-07,0.008,1,2.15,5.50E-16,0.74,3.17,0.75,1.95,3.95,5.942606,185.329905,5.956842,163.719811
151026A,228.04,-6.13,5.42,53.24,53.24,10/26/15 4:03,0.559,-2.3,50.94,53.24,1.05,2.25,205,1.80E-06,0.008,1,2.15,1.12E-15,0.74,3.17,0.75,1.95,3.95,6.098733,242.93553,6.048479,221.323479
151027B,76.219,-6.45,0.0003,96,80,10/27/15 22:40,0,1,97,96,1.83,2.83,200,1.50E-06,0.015,0.15,4.063,5.96E-15,0.14,1.97,0.17,1.17,3.17,6.242832,169.986752,6.274699,148.376352
160726A,98.809,-6.617,0.0132,0.86,0.7,7/26/16 1:34,0.72,-0.06,0.8,0,0.65,2.65,424,1.50E-06,0.02,10,0.5,5.04E-16,0.73,2.1,0.35,2.35,4.35,6.540236,240.977795,6.491676,219.366319
131214A,183.94,-6.34,1,80.06,80.06,12/14/13 16:55,0.596,2.05,82.11,80.06,1.05,2.25,205,7.22E-05,0.008,1,2.15,4.52E-14,0.74,3.17,0.75,1.95,3.95,6.554483,316.306645,6.493391,294.685497
150705B,66.54,-6.62,12.6,0.64,0.64,7/5/15 14:07,0.608,-0.26,0.38,0.64,1.05,2.25,205,1.93E-07,0.008,1,0.5,2.98E-17,2.1,3.26,0.75,2.75,4.75,6.729537,41.391809,6.758373,19.767027
140825C,264.49,-6.92,16.32,16.39,16.39,8/25/14 23:30,0.876,-13.06,3.33,16.39,1.05,2.25,205,9.95E-07,0.008,1,2.15,6.23E-16,0.74,3.17,0.75,1.95,3.95,7.052081,47.548598,7.087593,25.923878
140404C,101.81,-6.95,2.59,22.78,22.78,4/4/14 21:36,0.62,-1.02,21.76,22.78,1.05,2.25,205,4.55E-06,0.008,1,2.15,2.85E-15,0.74,3.17,0.75,1.95,3.95,7.081541,54.514903,7.124109,32.890739
160131A,78.168,-7.05,0.0004,774.52,325,1/31/16 8:20,0,-1.49,773.03,162.048,0.94,1.56,1152,3.26E-04,0.02,10,0.97,7.11E-14,0.73,5.06,1.44,2.06,4.06,7.110141,292.916769,7.040493,271.298646
150613B,228.54,-7.07,6.53,46.6,46.6,6/13/15 23:52,0.481,-2.82,43.78,46.6,1.05,2.25,205,6.38E-06,0.008,1,2.15,3.99E-15,0.74,3.17,0.75,1.95,3.95,7.163916,78.360032,7.225322,56.73855
130924A,28.77,-7.14,6.04,37.12,37.12,9/24/13 6:06,0.08,-21.76,15.36,37.12,1.05,2.25,205,3.73E-06,0.008,1,2.15,2.33E-15,0.74,3.17,0.75,1.95,3.95,7.207402,43.721397,7.238807,22.096229
130908A,219.16,-7.2,8.84,66.05,66.05,9/8/13 16:14,0.342,-1.79,64.26,66.05,1.05,2.25,205,2.92E-06,0.008,1,2.15,1.83E-15,0.74,3.17,0.75,1.95,3.95,7.232302,97.584542,7.301357,75.965834
160310A,98.78,-7.11,0.1,1513,18.18,3/10/16 0:22,0.468,0,1513,1500,1.4,3.4,316,6.80E-06,0.02,10,2.15,8.80E-15,0.22,3.17,-0.4,1.6,3.6,7.284658,34.837967,7.306023,13.212194
130802A,80.28,-7.62,12.88,0.06,0.06,8/2/13 17:31,0.803,-0.06,0,0.06,1.05,2.25,205,3.26E-07,0.008,1,0.5,5.03E-17,2.1,3.26,0.75,2.75,4.75,7.779733,335.696709,7.733458,314.072316
141205D,298.77,-7.82,1.73,5.44,5.44,12/5/14 18:18,0.659,0,5.44,5.44,1.05,2.25,205,6.41E-06,0.008,1,2.15,4.01E-15,0.74,3.17,0.75,1.95,3.95,7.873195,59.613495,7.920534,37.989103
130514A,296.283,-7.976,0.0003,265.1,204,5/14/13 7:13,0,-7.09,258.01,265.1,1.8,2.8,200,1.40E-05,0.015,0.15,2.15,1.33E-14,0.35,3.17,0.2,1.2,3.2,8.019876,65.578074,8.07232,43.95428
151023A,270.985,-8.316,0.0004,12.81,10.66,10/23/15 13:43,0,-0.65,12.16,12.81,2.24,3.24,200,2.60E-07,0.015,0.15,2.15,1.20E-16,0.35,3.17,-0.24,0.76,2.76,8.158312,143.49122,8.214643,121.879964
140206B,315.26,-8.51,0.23,154.368,154.368,2/6/14 6:36,0.061,0,154.368,44.99,0.97,2.14,296.6,9.93E-05,0.01,1,2.15,1.04E-13,0.57,3.17,0.86,2.03,4.03,8.266677,189.782549,8.275546,168.175407
160104C,280.43,-8.34,6,44.29,44.29,1/4/16 22:01,0.729,-5.12,39.17,44.29,1.05,2.25,205,2.73E-06,0.008,1,2.15,1.71E-15,0.74,3.17,0.75,1.95,3.95,8.457909,316.015469,8.396644,294.393211
140106A,2.34,-8.75,15.81,33.02,33.02,1/6/14 8:16,0.357,-0.51,32.51,33.02,1.05,2.25,205,2.46E-06,0.008,1,2.15,1.54E-15,0.74,3.17,0.75,1.95,3.95,8.584006,242.180581,8.534398,220.57078
140815A,86.896,-8.673,0.0253,8,8,8/15/14 21:55,0,0,8,8,1,2,200,3.00E-07,0.02,0.2,2.15,1.87E-15,0.35,3.17,1,2,4,8.6479,263.748499,8.583605,242.13546
160225C,80.59,-9.19,1.25,70.15,70.15,2/25/16 17:16,0.202,-32.26,37.89,70.15,1.05,2.25,205,1.45E-04,0.008,1,2.15,9.06E-14,0.74,3.17,0.75,1.95,3.95,9.043689,136.331251,9.104763,114.719481
140104B,218.81,-8.9,0.22,214,185,1/4/14 17:32,0.926,-14,200,200,1.23,3.23,280,3.20E-05,0.01,1,2.15,5.02E-14,0.25,3.17,-0.23,1.77,3.77,9.108013,321.380835,9.050184,299.757291
150127A,296.953,-9.416,1.4493,52.73,52.73,1/27/15 9:32,0.137,0.26,52.99,51.2,0.99,2.21,1083,2.27E-05,0.01,1,2.15,1.39E-13,0.15,3.17,0.79,2.01,4.01,9.237188,137.347822,9.297645,115.736346
130720B,338.03,-9.4,1,199.17,199.17,7/20/13 13:57,0.489,-13.57,185.6,199.17,1.05,2.25,205,1.00E-04,0.008,1,2.15,6.26E-14,0.74,3.17,0.75,1.95,3.95,9.420925,299.962111,9.352679,278.342291
140619B,132.68,-9.66,0.06,2.82,2.82,6/19/14 11:24,0.52,-0.26,2.56,0.832,0.06,3.3,1356,1.70E-06,0.01,1,2.15,5.48E-14,0.08,3.17,-0.3,2.94,4.94,9.535823,163.787393,9.574234,142.180009
160621A,307.54,-9.48,9.1,224.25,224.25,6/21/16 11:55,0.842,-1.14,223.11,224.25,1.05,2.25,205,2.40E-06,0.008,1,2.15,1.50E-15,0.74,3.17,0.75,1.95,3.95,9.582928,328.363869,9.530326,306.738853
150123A,111.56,-9.691,0.0851,70,-,1/23/15 15:01,0,-39,31,0,1,2,200,1.00E-05,0.01,10,2.15,1.16E-14,0.35,3.17,1,2,4,9.612758,233.335823,9.571335,211.728124
141011A,257.939,-9.681,0.1153,3.06,0.1,10/11/14 6:46,0.666,0,3.06,0.24,0.5,2.7,573,1.05E-06,0.01,1,2.15,5.07E-15,0.23,3.17,0.3,2.5,4.5,9.61882,246.459691,9.565663,224.850154
130626A,273.128,-9.525,0.0182,1.85,1.85,6/26/13 10:51,0.814,-0.19,1.66,0.2,0.53,2.53,74.5,5.20E-08,0.015,0.15,0.5,1.15E-17,2.1,4.17,0.47,2.47,4.47,9.628607,305.507661,9.56219,283.886679
150216A,120.68,-9.52,10.08,33.79,33.79,2/16/15 9:57,0.462,-0.77,33.02,33.79,1.05,2.25,205,2.29E-06,0.008,1,2.15,1.44E-15,0.74,3.17,0.75,1.95,3.95,9.647791,294.977521,9.578445,273.358651
151011A,258.35,-9.64,2.73,25.34,25.34,10/11/15 3:15,0.254,0.77,26.11,25.34,1.05,2.25,205,7.55E-06,0.008,1,2.15,4.73E-15,0.74,3.17,0.75,1.95,3.95,9.748448,299.974765,9.680205,278.354851
151001C,246.74,-10.14,1.69,377.86,377.86,10/1/15 8:20,0.169,-0.64,377.22,377.86,1.05,2.25,205,2.02E-05,0.008,1,2.15,1.26E-14,0.74,3.17,0.75,1.95,3.95,10.029334,221.73409,10.000107,200.128088
130510A,105.71,-9.87,4.98,29.44,29.44,5/10/13 21:03,0.382,-4.1,25.34,29.44,1.05,2.25,205,3.21E-06,0.008,1,2.15,2.01E-15,0.74,3.17,0.75,1.95,3.95,10.057133,30.923849,10.073896,9.294545
140916B,60.02,-10.26,5.62,31.24,31.24,9/16/14 5:36,0.805,-14.34,16.9,31.24,1.05,2.25,205,6.10E-06,0.008,1,2.15,3.82E-15,0.74,3.17,0.75,1.95,3.95,10.215808,90.636733,10.282961,69.015915
130919A,207.281,-10.353,0.0162,128.22,97.3,9/19/13 11:07,0,-20.15,108.07,128.22,0.54,2.54,71.7,1.40E-06,0.015,0.15,2.15,1.19E-15,0.98,3.17,0.46,2.46,4.46,10.252357,151.811251,10.302079,130.202951
140712A,319.28,-10.72,9.23,26.63,26.63,7/12/14 16:57,0.352,-2.05,24.58,26.63,1.05,2.25,205,2.11E-06,0.008,1,2.15,1.32E-15,0.74,3.17,0.75,1.95,3.95,10.57308,244.390843,10.521602,222.782441
140129C,183.4,-10.32,9.06,0.12,0.12,1/29/14 11:59,0.631,-0.06,0.06,0.12,1.05,2.25,205,2.24E-07,0.008,1,0.5,3.45E-17,2.1,3.26,0.75,2.75,4.75,10.582832,344.867182,10.54552,323.238897
140526B,142.99,-10.95,6.18,0.06,0.06,5/26/14 13:42,0.719,-0.06,0,0.06,1.05,2.25,205,1.58E-07,0.008,1,0.5,2.44E-17,2.1,3.26,0.75,2.75,4.75,10.836752,163.104311,10.875858,141.498211
151021B,104.34,-10.96,1.2,7.23,7.23,10/21/15 18:59,0.923,0,7.23,9.2,0.61,2.6,241,1.23E-05,0.01,1,2.15,1.47E-14,0.55,3.17,0.4,2.39,4.39,10.94658,259.423679,10.884557,237.812705
140320A,281.855,-11.194,0.0008,2.31,2.31,3/20/14 2:12,0.113,-1.22,1.09,0,1.5,2.5,200,4.00E-07,0.01,1,2.15,3.42E-16,0.35,3.17,0.5,1.5,3.5,10.987118,181.023839,11.006457,159.419677
130725B,214.241,-11.128,0.0001,13.1,10,7/25/13 17:39,0,-0.3,12.8,13.1,2.23,3.23,200,3.90E-07,0.015,0.15,2.15,1.83E-16,0.35,3.17,-0.23,0.77,2.77,11.108365,115.662898,11.17759,94.047722
150101B,188,-10.956,0.04,0.08,0.08,1/1/15 15:23,0.468,-0.02,0.06,0.08,1.7,2.7,1000,1.09E-07,0.01,1,0.093,1.38E-17,0.59,2.88,0.3,1.3,3.3,11.195318,326.026695,11.140876,304.400767
150703A,135.8,-11.19,5.13,50.18,50.18,7/3/15 3:34,0.199,-16.9,33.28,50.18,1.05,2.25,205,5.02E-06,0.008,1,2.15,3.14E-15,0.74,3.17,0.75,1.95,3.95,11.258456,271.27257,11.191086,249.659114
130719A,89.038,-11.591,0.0193,199,177.7,7/19/13 5:47,0,6.2,205.2,199,1.63,2.63,200,2.30E-06,0.015,0.15,2.15,3.19E-15,0.35,3.17,0.37,1.37,3.37,11.401615,174.754761,11.428187,153.150602
130420C,122.68,-11.43,1.19,38.91,38.91,4/20/13 8:14,0.257,-15.87,23.04,38.91,1.05,2.25,205,8.92E-06,0.008,1,2.15,5.58E-15,0.74,3.17,0.75,1.95,3.95,11.443578,260.41416,11.381003,238.803262
130306A,279.475,-11.682,0.0162,387.76,120.57,3/6/13 23:47,0.569,-17.66,370.1,116.224,1.5,3.5,212,2.90E-04,0.02,10,2.15,2.48E-13,0.33,3.17,-0.5,1.5,3.5,11.54148,227.61134,11.505892,206.006395
130509B,133.86,-11.51,8.78,28.67,28.67,5/9/13 20:08,0.355,-5.63,23.04,28.67,1.05,2.25,205,2.31E-06,0.008,1,2.15,1.45E-15,0.74,3.17,0.75,1.95,3.95,11.619321,73.783886,11.677847,52.158728
151129A,60.82,-11.49,5.67,52.23,52.23,11/29/15 8:00,0.085,-32.77,19.46,52.23,1.05,2.25,205,3.95E-06,0.008,1,2.15,2.47E-15,0.74,3.17,0.75,1.95,3.95,11.629699,342.787302,11.590261,321.158179
140825A,88.715,-11.83,0.067,10.752,14,8/25/14 6:55,0.66,0,10.752,10.752,0.44,3.42,208,3.70E-05,0.02,10,2.15,5.80E-14,0.48,3.17,-0.42,2.56,4.56,11.729331,121.302195,11.797192,99.688544
130821A,314.1,-12,0.1,104.5,87.05,8/21/13 16:10,0.011,3.58,108.08,52,0.54,2.01,165,6.60E-05,0.01,1,2.15,3.06E-14,1.15,3.17,0.99,2.46,4.46,11.78104,211.216344,11.763916,189.613255
130503A,214.72,-11.55,21.48,0.88,0.88,5/3/13 5:08,0.949,-0.86,0.02,0.88,1.05,2.25,205,3.86E-08,0.008,1,0.5,5.95E-18,2.1,3.26,0.75,2.75,4.75,11.782898,26.242297,11.794054,4.610634
140515B,289.354,-11.701,0.0608,10,-,5/15/14 13:00,0,0,10,0,1,2,200,1.00E-05,0.01,10,2.15,1.16E-14,0.35,3.17,1,2,4,11.837804,330.842316,11.787248,309.214949
150313A,251.439,-11.707,0.0608,5.12,5.12,3/13/15 15:46,0.061,-1.79,3.33,5.12,1.05,2.25,205,8.67E-07,0.008,1,2.15,5.43E-16,0.74,3.17,0.75,1.95,3.95,11.863731,313.695353,11.801144,292.071542
130919B,297.35,-11.73,5.32,0.96,0.96,9/19/13 4:09,0.261,-0.06,0.9,0.96,1.05,2.25,205,3.68E-07,0.008,1,0.5,5.68E-17,2.1,3.26,0.75,2.75,4.75,11.875674,346.588516,11.840157,324.95861
131120A,278.937,-12.026,0.0304,135.4,131,11/20/13 14:37,0,-71.1,64.3,135.4,2.94,3.94,200,5.70E-07,0.015,0.15,2.15,2.84E-17,0.35,3.17,-0.94,0.06,2.06,11.947623,109.613288,12.017566,87.996712
150222A,198.786,-12.152,0.0003,28.25,15.9,2/22/15 16:56,0,-0.14,28.11,28.25,1.61,2.61,200,2.20E-06,0.015,0.15,2.15,3.20E-15,0.35,3.17,0.39,1.39,3.39,12.206968,262.209634,12.143439,240.598746
150817A,249.631,-12.053,0.0003,70.04,38.8,8/17/15 2:05,0,-16.76,53.28,55.297,1.34,3.34,109,1.15E-05,0.01,1,2.15,6.74E-15,0.58,3.17,-0.34,1.66,3.66,12.269368,3.108232,12.252472,341.476229
150126A,350.503,-12.368,0.51,931.6,96.51,1/26/15 20:50,0.778,6.4,938,93.19,1.07,2.45,217,2.55E-05,0.01,1,2.15,2.00E-14,0.59,3.17,0.55,1.93,3.93,12.462245,21.943375,12.468189,0.310717
150329A,163,-12.32,11.73,28.93,28.93,3/29/15 6:55,0.123,-2.56,26.37,28.93,1.05,2.25,205,1.72E-06,0.008,1,2.15,1.07E-15,0.74,3.17,0.75,1.95,3.95,12.585812,342.694514,12.54628,321.064396
140408A,290.716,-12.595,0.0004,8.32,4,4/8/14 13:15,0,-0.66,7.66,14.3,1.61,2.61,200,1.80E-06,0.01,1,2.15,1.27E-15,0.35,3.17,0.39,1.39,3.39,12.754281,4.927682,12.739551,343.294961
141104A,279.488,-12.702,0.1367,27.136,25,11/4/14 0:03,0.517,0,27.136,27.136,1.09,2.57,160,5.90E-05,0.02,10,2.15,3.02E-14,0.74,3.17,0.43,1.91,3.91,12.868483,345.394378,12.831717,323.763549
140302A,253.859,-12.878,0.0004,106.34,87.5,3/2/14 8:12,0,-0.09,106.25,0,0.49,2.49,462,1.00E-05,0.01,1,2.15,9.67E-14,0.15,3.17,0.51,2.51,4.51,12.930375,80.518863,12.993004,58.894423
150723A,149.86,-12.93,6.01,33.02,33.02,7/23/15 14:35,0.137,0,33.02,33.02,1.05,2.25,205,2.45E-06,0.008,1,2.15,1.54E-15,0.74,3.17,0.75,1.95,3.95,12.973378,99.967199,13.042853,78.347963
150716A,278.481,-12.978,0.0111,54.21,44,7/16/15 7:06,0,-4.19,50.02,54.21,1.54,2.54,200,1.50E-06,0.015,0.15,2.15,2.60E-15,0.35,3.17,0.46,1.46,3.46,13.147106,347.91082,13.11299,326.279322
141114A,6.75,-13.42,3.89,44.8,44.8,11/14/14 16:29,0.089,0.51,45.31,44.8,1.05,2.25,205,3.59E-06,0.008,1,2.15,2.25E-15,0.74,3.17,0.75,1.95,3.95,13.148349,175.637962,13.173918,154.035965
130812A,92.396,-13.288,0.0003,8.8,7.6,8/12/13 22:22,0,-0.3,8.5,8.8,2.52,3.52,200,5.90E-07,0.015,0.15,2.15,1.82E-16,0.35,3.17,-0.52,0.48,2.48,13.274002,264.96524,13.209132,243.3542
160523A,261.14,-13.45,3.69,72.96,72.96,5/23/16 22:03,0.129,0.51,73.47,72.96,1.05,2.25,205,7.60E-06,0.008,1,2.15,4.76E-15,0.74,3.17,0.75,1.95,3.95,13.285778,158.249654,13.329657,136.645321
130717A,256.59,-13.57,12.1,55.3,55.3,7/17/13 17:36,0.111,-3.33,51.97,55.3,1.05,2.25,205,1.87E-06,0.008,1,2.15,1.17E-15,0.74,3.17,0.75,1.95,3.95,13.40117,166.714325,13.43654,145.111503
160101A,219.651,-13.815,0.0008,8.448,4.6,1/1/16 0:43,0.931,0,8.448,7.3,0.78,2.26,135,1.68E-06,0.01,1,2.15,6.11E-16,1.17,3.17,0.74,2.22,4.22,13.732466,218.458584,13.706919,196.857261
140211B,115.84,-13.59,3.99,3.46,3.46,2/11/14 2:10,0.163,-0.9,2.56,3.46,1.05,2.25,205,7.37E-07,0.008,1,2.15,4.61E-16,0.74,3.17,0.75,1.95,3.95,13.745809,52.00947,13.785903,30.378172
160521C,72.51,-13.7,4.44,15.87,15.87,5/21/16 20:07,0.873,-0.77,15.1,15.87,1.05,2.25,205,2.62E-06,0.008,1,2.15,1.64E-15,0.74,3.17,0.75,1.95,3.95,13.866245,0.533274,13.846313,338.899481
140426A,174.49,-13.95,12.52,37.57,37.57,4/26/14 12:21,0.74,-4.74,32.83,37.57,1.05,2.25,205,2.28E-06,0.008,1,2.15,1.43E-15,0.74,3.17,0.75,1.95,3.95,13.951493,244.529626,13.8999,222.924123
131224B,163.722,-14.177,0.0304,11,-,12/24/13 3:25,0,0,11,11,2.09,3.09,200,2.60E-07,0.015,0.15,2.15,1.49E-16,0.35,3.17,-0.09,0.91,2.91,14.131621,129.532239,14.196317,107.921755
150811B,186.348,-14.105,0.99,4.58,0.7,8/11/15 20:22,0.515,0,4.58,0.77,0.23,3,1300,1.60E-07,0.01,1,2.15,3.83E-15,0.09,3.17,0,2.77,4.77,14.353596,30.757392,14.370157,9.122737
140622A,317.173,-14.419,0.0004,0.15,0.13,6/22/14 9:36,0,-0.02,0.13,0.15,3.08,4.08,1000,2.70E-08,0.015,0.15,0.959,-2.15E-01,0.18,1.61,-1.08,-0.08,1.92,14.541504,12.58112,14.536019,350.945781
130704A,65.56,-14.46,1,6.4,6.4,7/4/13 13:26,0.253,0.51,6.91,6.4,1.05,2.25,205,2.43E-05,0.008,1,2.15,1.52E-14,0.74,3.17,0.75,1.95,3.95,14.547811,51.204839,14.587095,29.572542
130320A,192.684,-14.471,1.511,22.784,20,3/20/13 7:08,0.822,0,22.784,22.784,0.78,2.78,295,2.60E-05,0.02,10,2.15,6.88E-14,0.24,3.17,0.22,2.22,4.22,14.726604,17.416804,14.727022,355.781165
140512A,289.37,-15.094,0.0003,209.13,154.8,5/12/14 19:31,0,-22.84,186.29,179,0.85,2.85,279,4.80E-05,0.02,10,0.725,1.16E-14,0.84,5.78,0.15,2.15,4.15,14.95855,235.795948,14.914739,214.193278
150105A,124.32,-14.78,1,73.73,73.73,1/5/15 6:10,0.463,3.07,76.8,73.7,0.91,2.25,52,4.40E-05,0.01,1,2.15,3.84E-15,3,3.17,0.75,2.09,4.09,14.980747,37.210714,15.004849,15.575872
130515B,312.84,-14.95,5.37,20.48,20.48,5/15/13 10:18,0.169,-3.58,16.9,20.48,1.05,2.25,205,1.01E-06,0.008,1,2.15,6.31E-16,0.74,3.17,0.75,1.95,3.95,15.052647,34.827261,15.073995,13.192079
150811A,291.339,-15.425,0.0004,38.85,34,8/11/15 4:06,0,1.51,40.36,38.85,2.13,3.13,200,4.90E-07,0.015,0.15,2.15,2.65E-16,0.35,3.17,-0.13,0.87,2.87,15.567348,20.437693,15.571454,358.800982
150501A,50,-15.57,3.25,9.73,9.73,5/1/15 0:24,0.145,-0.26,9.47,9.73,1.05,2.25,205,1.46E-06,0.008,1,2.15,9.15E-16,0.74,3.17,0.75,1.95,3.95,15.599614,295.17367,15.530301,273.553683
130504A,272.459,-16.32,0.0172,67.91,50,5/4/13 2:05,0,-31.07,36.84,67.91,0.52,2.52,84.5,1.00E-06,0.015,0.15,2.15,1.22E-15,0.83,3.17,0.48,2.48,4.48,16.196497,128.882921,16.261493,107.273259
150424B,182.759,-16.212,0.0608,36.1,36.1,4/24/15 9:39,0.679,-8.96,27.14,36,0.8,2.4,56.6,3.85E-06,0.01,1,2.15,4.21E-16,2.54,3.17,0.6,2.2,4.2,16.38149,295.517453,16.312238,273.897198
160117B,132.195,-16.367,0.0003,0,-,1/17/16 13:59,0,0,0,0,1,2,1000,1.00E-05,0.01,10,0.86,1.64E-15,1.01,5.36,1,2,4,16.448516,275.736952,16.379867,254.123765
160515A,80.57,-16.31,3.43,84.48,84.48,5/15/16 19:38,0.037,-0.77,83.71,84.48,1.05,2.25,205,6.00E-06,0.008,1,2.15,3.76E-15,0.74,3.17,0.75,1.95,3.95,16.47568,21.842541,16.481498,0.204666
141029A,69.413,-16.481,0.1702,40,-,10/29/14 4:32,0,-20,20,0,1,2,200,1.00E-05,0.01,10,2.15,1.16E-14,0.35,3.17,1,2,4,16.504443,73.87188,16.563027,52.243263
150809A,351.03,-16.59,2.15,47.36,47.36,8/9/15 12:22,0.119,0.51,47.87,47.36,1.05,2.25,205,6.09E-06,0.008,1,2.15,3.81E-15,0.74,3.17,0.75,1.95,3.95,16.640765,317.492415,16.580392,295.864602
140627A,66.49,-16.76,13.59,7.42,7.42,6/27/14 9:37,0.916,-3.58,3.84,7.42,1.05,2.25,205,9.00E-07,0.008,1,2.15,5.64E-16,0.74,3.17,0.75,1.95,3.95,16.644562,116.484252,16.71363,94.870448
161218B,358.64,-16.95,1,37.56,26,12/18/16 8:32,0.65,-2,35.56,34.8,0.51,3.06,214.8,8.91E-05,0.01,1,2.15,1.21E-13,0.52,3.17,-0.06,2.49,4.49,16.802336,252.951668,16.744367,231.346264
150110C,68.576,-16.869,0.1155,40,-,1/10/15 23:41,0,-9,31,0,1,2,200,1.00E-05,0.01,10,2.15,1.16E-14,0.35,3.17,1,2,4,16.89787,73.08255,16.95592,51.453401
150911C,33.11,-16.94,3.8,46.08,46.08,9/11/15 14:06,0.606,1.02,47.1,46.08,1.05,2.25,205,9.09E-06,0.008,1,2.15,5.69E-15,0.74,3.17,0.75,1.95,3.95,16.963018,301.163185,16.895114,279.540758
160501A,286.384,-17.241,0.0003,126.9,118,5/1/16 0:40,0,-54.3,72.6,126.9,0.6,2.6,28,9.50E-07,0.015,0.15,2.15,1.50E-16,2.52,3.17,0.4,2.4,4.4,17.028561,166.828937,17.063807,145.230248
130723A,217.77,-16.86,8.16,8.19,8.19,7/23/13 2:12,0.122,-0.77,7.42,8.19,1.05,2.25,205,8.71E-07,0.008,1,2.15,5.45E-16,0.74,3.17,0.75,1.95,3.95,17.108318,353.530618,17.08035,331.893642
130811A,192.89,-17.04,3.36,44.8,44.8,8/11/13 4:28,0.687,-2.3,42.5,44.8,1.05,2.25,205,6.38E-06,0.008,1,2.15,4.00E-15,0.74,3.17,0.75,1.95,3.95,17.133976,275.904304,17.065288,254.291235
151023B,359.74,-17.15,16.4,10.24,10.24,10/23/15 2:29,0.137,-2.3,7.94,10.24,1.05,2.25,205,1.34E-06,0.008,1,2.15,8.36E-16,0.74,3.17,0.75,1.95,3.95,17.203937,41.135947,17.232481,19.498898
130310A,141.905,-17.431,0.2177,16,16,3/10/13 20:09,0.503,4.1,20.1,0.9,1.01,2.27,2100,1.40E-05,0.01,1,2.15,2.25E-13,0.07,3.17,0.73,1.99,3.99,17.347174,140.72557,17.405444,119.120478
131110A,69.268,-17.259,0.0081,90,-,11/10/13 11:53,0,0,90,0,1.61,2.61,200,3.53E-06,0.015,0.15,2.15,5.14E-15,0.35,3.17,0.39,1.39,3.39,17.35574,310.988949,17.29174,289.362857
130418B,216.53,-17.54,8.46,169.48,169.48,4/18/13 20:14,0.486,-45.06,124.42,169.48,1.05,2.25,205,5.98E-06,0.008,1,2.15,3.74E-15,0.74,3.17,0.75,1.95,3.95,17.412231,175.638096,17.437796,154.041316
141102B,223.23,-17.42,15.61,0.01,0.01,11/2/14 2:41,0.339,-0.03,-0.02,0.01,1.05,2.25,205,7.36E-08,0.008,1,0.5,1.14E-17,2.1,3.26,0.75,2.75,4.75,17.416909,251.463981,17.359979,229.859505
140221A,107.447,-17.336,0.0608,10,-,2/21/14 7:12,0,0,10,0,1,2,200,1.00E-05,0.01,10,2.15,1.16E-14,0.35,3.17,1,2,4,17.505774,317.932409,17.445675,296.303864
151228A,214.017,-17.665,0.0182,0.336,0.25,12/28/15 3:05,0.462,-0.06,0.276,0.38,0.41,2.41,747,9.20E-07,0.01,1,0.5,1.39E-15,0.42,2.1,0.59,2.59,4.59,17.546297,181.362533,17.565234,159.76662
140118A,330.999,-17.937,0.0152,104.48,84.15,1/18/14 1:32,0,-73.61,30.87,97,1.89,2.89,200,6.00E-06,0.01,1,2.15,2.78E-15,0.35,3.17,0.11,1.11,3.11,17.964505,300.4417,17.896391,278.819223
161224A,204.82,-18.028,0.0193,52.72,47.04,12/24/16 0:00,0,12.46,65.18,52.72,0.21,2.21,34.5,8.20E-07,0.015,0.15,2.15,2.41E-16,2.04,3.17,0.79,2.79,4.79,17.969037,221.76057,17.939776,200.163943
160220B,259.865,-18.124,0.0003,45.12,31.4,2/20/16 11:10,0,-7.58,37.54,16.64,0.84,2.84,197,1.49E-05,0.02,10,2.15,2.34E-14,0.36,3.17,0.16,2.16,4.16,18.253489,52.298526,18.29387,30.662403
130416B,51.21,-18.25,4.86,0.19,0.19,4/16/13 18:28,0.296,-0.05,0.14,0.19,1.05,2.25,205,9.39E-07,0.008,1,0.5,1.45E-16,2.1,3.26,0.75,2.75,4.75,18.3545,38.818101,18.380434,17.179272
160220A,236.953,-18.566,0.0003,9.28,8.3,2/20/16 1:25,0,-0.02,9.26,12.288,1.5,2.5,200,1.20E-06,0.01,1,2.15,1.03E-15,0.35,3.17,0.5,1.5,3.5,18.423762,176.107853,18.448791,154.512412
150727A,203.968,-18.326,0.0003,104.64,88,7/27/15 19:02,0,-8.7,95.94,60,0.7,2.7,149,7.90E-06,0.05,10,0.313,3.65E-16,2.72,7.59,0.3,2.3,4.3,18.427079,83.295775,18.49115,61.669116
150603B,274.45,-18.71,5.91,160,160,6/3/15 19:45,0.511,-58.11,101.89,160,1.05,2.25,205,6.56E-06,0.008,1,2.15,4.11E-15,0.74,3.17,0.75,1.95,3.95,18.518238,196.009105,18.519515,174.415315
151130A,136.27,-18.82,5.8,20.22,20.22,11/30/15 3:50,0.019,-0.51,19.71,20.22,1.05,2.25,205,2.38E-06,0.008,1,2.15,1.49E-15,0.74,3.17,0.75,1.95,3.95,18.789285,119.798953,18.857575,98.186977
130514B,147.604,-18.969,0.0304,17.41,17.41,5/14/13 13:26,0.53,-0.51,16.9,0,1.72,2.72,200,8.80E-07,0.015,0.15,2.15,9.94E-16,0.35,3.17,0.28,1.28,3.28,18.847781,183.378167,18.864334,161.784162
141229A,71.479,-18.956,0.0608,13.82,13.82,12/29/14 11:48,0.836,0,13.82,8.448,1.03,3.03,254,4.70E-06,0.02,10,2.15,8.17E-15,0.28,3.17,-0.03,1.97,3.97,18.9205,266.186069,18.855084,244.577367
150724A,97.56,-19.165,0.0003,326.49,280,7/24/15 5:46,0,-1.07,325.42,326.49,2.06,3.06,200,2.20E-06,0.015,0.15,2.15,1.32E-15,0.35,3.17,-0.06,0.94,2.94,18.987905,179.142951,19.009437,157.548651
131014A,100.5,-19.1,0.45,12.328,3.2,10/14/13 5:09,0.202,0.96,13.288,5.2,0.34,2.58,318,1.90E-04,0.01,1,2.15,3.86E-13,0.45,3.17,0.42,2.66,4.66,19.047008,110.253151,19.116912,88.637261
130325A,122.78,-18.9,0.25,9.868,9.72,3/25/13 4:51,0.298,0.58,10.448,9.213,0.73,2.18,202.2,8.25E-06,0.01,1,2.15,5.57E-15,0.83,3.17,0.82,2.27,4.27,19.119854,336.817609,19.074611,315.181873
140717A,168.48,-18.94,6,80.64,80.64,7/17/14 19:50,0.982,-48.13,32.51,80.64,1.05,2.25,205,5.79E-06,0.008,1,2.15,3.62E-15,0.74,3.17,0.75,1.95,3.95,19.155141,45.112061,19.188048,23.473338
150415A,220.63,-19.34,3.59,34.56,34.56,4/15/15 0:41,0.531,0,34.56,34.56,1.05,2.25,205,3.85E-06,0.008,1,2.15,2.41E-15,0.74,3.17,0.75,1.95,3.95,19.317231,117.47263,19.386091,95.859835
140513A,248.36,-19.5,3.93,17.15,17.15,5/13/14 17:22,0.278,-0.51,16.64,17.15,1.05,2.25,205,4.11E-06,0.008,1,2.15,2.57E-15,0.74,3.17,0.75,1.95,3.95,19.397342,226.295908,19.363142,204.70016
150326B,331.13,-19.65,5.94,4.1,4.1,3/26/15 13:00,0.198,-0.77,3.33,4.1,1.05,2.25,205,1.36E-06,0.008,1,2.15,8.52E-16,0.74,3.17,0.75,1.95,3.95,19.663618,62.296234,19.713315,40.661351
150925A,227.52,-19.628,0.0304,0,-,9/25/15 4:09,0,0,0,0,1,2,1000,1.00E-05,0.01,10,0.5,1.16E-14,0.35,3.17,1,2,4,19.688806,271.341467,19.621412,249.731005
151122B,299.704,-19.899,0.05,51.2,51.2,11/22/15 17:00,0.006,-4.35,46.85,51.2,1.05,2.25,205,2.29E-06,0.008,1,2.15,1.43E-15,0.74,3.17,0.75,1.95,3.95,19.843143,93.151871,19.9111,71.528546
150324B,295.21,-20.04,1.7,13.06,13.06,3/24/15 7:39,0.884,-0.26,12.8,13.06,1.05,2.25,205,7.81E-06,0.008,1,2.15,4.89E-15,0.74,3.17,0.75,1.95,3.95,19.940509,108.951601,20.010483,87.335202
160605A,110.98,-19.83,4.95,5.5,5.5,6/5/16 20:19,0.763,-0.06,5.44,5.5,1.05,2.25,205,2.73E-06,0.008,1,2.15,1.71E-15,0.74,3.17,0.75,1.95,3.95,20.043444,21.327515,20.048632,359.684802
131018A,98.471,-19.896,0.0003,96.64,73.22,10/18/13 12:47,0,21.1,117.74,96.64,2.24,3.24,200,1.10E-06,0.015,0.15,2.15,5.08E-16,0.35,3.17,-0.24,0.76,2.76,20.09196,349.192497,20.059216,327.552643
141122A,9.71,-20.02,10.9,1.28,1.28,11/22/14 2:05,0.172,-0.7,0.58,1.28,1.05,2.25,205,2.59E-07,0.008,1,0.5,4.00E-17,2.1,3.26,0.75,2.75,4.75,20.10728,27.28763,20.11969,5.645159
150528A,350.95,-20.09,2.5,13.05,13.05,5/28/15 15:44,0.556,0.26,13.31,13.05,1.05,2.25,205,4.76E-06,0.008,1,2.15,2.98E-15,0.74,3.17,0.75,1.95,3.95,20.180635,338.948955,20.137409,317.311499
130518B,321.555,-20.148,0.0182,10,10,5/18/13 10:50,0,0,10,10,1.39,2.39,200,8.00E-07,0.015,0.15,2.15,2.07E-15,0.35,3.17,0.61,1.61,3.61,20.246592,32.540293,20.265257,10.898154
150904A,67.08,-20.38,10.89,23.3,23.3,9/4/15 11:30,0.956,-4.1,19.2,23.3,1.05,2.25,205,1.03E-06,0.008,1,2.15,6.43E-16,0.74,3.17,0.75,1.95,3.95,20.521374,21.124327,20.526314,359.480945
151229A,329.37,-20.732,0.0003,3.46,3.46,12/29/15 6:50,0.954,-0.13,3.33,1.536,1.19,3.19,97.1,9.40E-07,0.01,1,2.15,4.85E-16,0.73,3.17,-0.19,1.81,3.81,20.55893,239.202168,20.51195,217.604375
130507A,319.74,-20.53,3.29,60.16,60.16,5/7/13 13:04,0.981,0,60.16,60.16,1.05,2.25,205,4.27E-06,0.008,1,2.15,2.67E-15,0.74,3.17,0.75,1.95,3.95,20.658408,7.951999,20.647303,346.308706
150422A,215.1,-20.86,1.07,36.86,36.86,4/22/15 16:52,0.993,1.54,38.4,36.86,1.05,2.25,205,2.99E-05,0.008,1,2.15,1.87E-14,0.74,3.17,0.75,1.95,3.95,20.78793,221.412901,20.759053,199.819858
141223A,147.38,-20.71,7.48,94.2,94.2,12/23/14 5:45,0.97,-3.58,90.62,94.2,1.05,2.25,205,1.82E-06,0.008,1,2.15,1.14E-15,0.74,3.17,0.75,1.95,3.95,20.816057,79.235956,20.877968,57.60627
131123A,53.24,-20.88,8.34,3.14,3.14,11/23/13 13:01,0.134,0,3.14,3.14,1.05,2.25,205,4.08E-07,0.008,1,2.15,2.56E-16,0.74,3.17,0.75,1.95,3.95,20.817433,264.876792,20.752603,243.269589
150912A,248.443,-21.034,0.033,30.97,30.97,9/12/15 10:37,0.705,-6.14,24.83,28,1.11,3.11,250,4.50E-06,0.01,1,2.15,7.52E-15,0.28,3.17,-0.11,1.89,3.89,20.895859,207.814765,20.882785,186.223777
130909A,198.18,-20.79,17.24,33.79,33.79,9/9/13 19:36,0.897,-14.85,18.94,33.79,1.05,2.25,205,1.98E-06,0.008,1,2.15,1.24E-15,0.74,3.17,0.75,1.95,3.95,21.033639,25.052007,21.043351,3.408101
130707A,54.45,-21.04,5.37,76.55,76.55,7/7/13 12:07,0.926,-2.05,74.5,76.55,1.05,2.25,205,1.05E-05,0.008,1,2.15,6.55E-15,0.74,3.17,0.75,1.95,3.95,21.099038,56.788161,21.143771,35.150119
150630A,116.81,-21.31,1.46,22.78,22.78,6/30/15 5:20,0.761,0.56,23.34,22.78,1.05,2.25,205,1.08E-05,0.008,1,2.15,6.75E-15,0.74,3.17,0.75,1.95,3.95,21.226286,228.471387,21.189791,206.877334
131202A,344.054,-21.662,0.0003,41.33,19.97,12/2/13 15:12,0.851,-4.35,36.98,19.5,1.1,3.1,288.4,1.60E-06,0.01,1,8.2,1.68E-13,0.03,1.08,-0.1,1.9,3.9,21.416554,154.31173,21.464073,132.714685
150604B,72.44,-21.59,4.45,0.89,0.89,6/4/15 10:24,0.802,-0.06,0.83,0.89,1.05,2.25,205,3.97E-07,0.008,1,0.5,6.13E-17,2.1,3.26,0.75,2.75,4.75,21.436625,133.633422,21.499241,112.028502
160219A,1.352,-21.957,20,3.52,3.52,2/19/16 6:56,0.138,0,3.52,0,0.29,2.29,753,1.57E-06,0.01,10,2.15,1.71E-14,0.09,3.17,0.71,2.71,4.71,21.721956,218.461086,21.6964,196.8698
150203B,156.88,-21.81,2.67,23.81,23.81,2/3/15 13:04,0.398,-1.54,22.27,23.81,1.05,2.25,205,3.64E-06,0.008,1,2.15,2.28E-15,0.74,3.17,0.75,1.95,3.95,21.976114,297.186469,21.907191,275.564277
130722C,352.41,-22.31,2.7,2.31,2.31,7/22/13 23:46,0.713,-0.77,1.54,2.31,1.05,2.25,205,5.99E-07,0.008,1,2.15,3.75E-16,0.74,3.17,0.75,1.95,3.95,22.047811,164.884392,22.085087,143.291179
160123B,314.22,-22.18,10.75,37.63,37.63,1/23/16 2:17,0.583,-3.84,33.79,37.63,1.05,2.25,205,8.96E-07,0.008,1,2.15,5.61E-16,0.74,3.17,0.75,1.95,3.95,22.110299,267.848456,22.044186,246.240563
130606B,218.574,-22.131,0.1,75.328,43.7,6/6/13 11:55,0,-3,72.328,65.534,1.14,2.05,435,2.03E-04,0.01,1,2.15,2.94E-13,0.42,3.17,0.95,1.86,3.86,22.140199,254.446265,22.081225,232.844358
160315A,319.91,-22.11,23.05,3.33,3.33,3/15/16 17:44,0.341,-2.82,0.51,3.33,1.05,2.25,205,3.05E-07,0.008,1,2.15,1.91E-16,0.74,3.17,0.75,1.95,3.95,22.227094,349.860054,22.195072,328.217395
150615A,107.565,-22.449,0.0003,33,27.6,6/15/15 4:42,0,-2.9,30.1,33,1.84,2.84,200,5.50E-07,0.015,0.15,2.15,4.84E-16,0.35,3.17,0.16,1.16,3.16,22.394573,243.593049,22.343756,221.995631
160819A,114.139,-22.347,0.0304,50.2,23.8,8/19/16 20:27,0.49,18.4,68.6,22.6,1.45,3.45,109.9,2.14E-05,0.01,1,2.15,1.03E-14,0.64,3.17,-0.45,1.55,3.55,22.502037,308.445007,22.436841,286.817217
130427B,314.898,-22.547,0.0003,34,27,4/27/13 13:20,0,-1.29,32.71,34,1.64,2.64,200,1.50E-06,0.015,0.15,2.78,3.70E-15,0.24,2.64,0.36,1.36,3.36,22.679344,8.944196,22.669435,347.298004
160603A,195.41,-22.96,8.8,0.39,0.39,6/3/16 17:15,0.076,-0.13,0.26,0.39,1.05,2.25,205,1.97E-07,0.008,1,0.5,3.04E-17,2.1,3.26,0.75,2.75,4.75,22.879303,153.80209,22.927276,132.206396
150513A,49.044,-22.868,0.0101,183.69,162,5/13/15 20:31,0,-54.33,129.36,165.8,0.9,1.69,252,1.36E-05,0.01,1,2.15,8.05E-15,1.06,3.17,1.31,2.1,4.1,22.992845,339.778685,22.95042,318.13784
160121A,109.088,-23.592,0.0003,15,12,1/21/16 13:50,0,-0.03,14.97,15,1.77,2.77,200,6.10E-07,0.015,0.15,1.645,3.55E-16,0.5,3.77,0.23,1.23,3.23,23.563259,250.862184,23.506758,229.262954
160222A,309.58,-23.77,9.57,18.17,18.17,2/22/16 1:41,0.835,-5.63,12.54,18.17,1.05,2.25,205,1.27E-06,0.008,1,2.15,7.93E-16,0.74,3.17,0.75,1.95,3.95,23.624976,242.681196,23.574932,221.085349
131119A,47.96,-24.01,7.35,34.82,34.82,11/19/13 18:44,0.874,-2.56,32.26,34.82,1.05,2.25,205,1.85E-06,0.008,1,2.15,1.16E-15,0.74,3.17,0.75,1.95,3.95,23.769287,177.673606,23.792517,156.085472
151202A,326.49,-24.67,7.94,0.7,0.7,12/2/15 13:33,0.808,-0.06,0.64,0.7,1.05,2.25,205,6.98E-07,0.008,1,0.5,1.08E-16,2.1,3.26,0.75,2.75,4.75,24.41619,161.911029,24.456489,140.319805
140711A,166.01,-24.6,8.46,80.89,80.89,7/11/14 16:35,0.567,-3.07,77.82,80.89,1.05,2.25,205,2.39E-06,0.008,1,2.15,1.50E-15,0.74,3.17,0.75,1.95,3.95,24.656344,97.618087,24.725406,75.995565
130604B,292.18,-24.86,1.21,26.88,26.88,6/4/13 0:48,0.322,-0.26,26.62,26.88,1.05,2.25,205,1.75E-05,0.008,1,2.15,1.09E-14,0.74,3.17,0.75,1.95,3.95,24.688976,137.476159,24.749351,115.87524
130527A,309.276,-24.725,0.0003,94.7,7.4,5/27/13 14:21,0,-1,93.7,38.656,1.04,3.04,1380,1.10E-04,0.02,10,2.15,8.91E-13,0.05,3.17,-0.04,1.96,3.96,24.816041,318.458899,24.756273,296.824825
160203A,161.951,-24.789,0.0003,24.32,20.2,2/3/16 2:13,0,1.46,25.78,24.32,1.93,2.93,200,1.20E-06,0.015,0.15,3.52,2.68E-15,0.17,2.21,0.07,1.07,3.07,24.82325,105.938798,24.893249,84.320923
140511B,26.25,-24.91,3.58,59.13,59.13,5/11/14 23:53,0.495,-1.02,58.11,59.13,1.05,2.25,205,6.75E-06,0.008,1,2.15,4.22E-15,0.74,3.17,0.75,1.95,3.95,24.832654,268.057336,24.766457,246.450632
140311D,39.04,-25.23,5.29,14.91,14.91,3/11/14 10:52,0.868,-1.02,13.89,14.91,1.05,2.25,205,3.70E-06,0.008,1,2.15,2.32E-15,0.74,3.17,0.75,1.95,3.95,24.983693,176.862007,25.007854,155.275405
140109B,24.09,-25.05,37.45,3.32,3.32,1/9/14 21:03,0.385,-1.02,2.3,3.32,1.05,2.25,205,1.49E-07,0.008,1,2.15,9.34E-17,0.74,3.17,0.75,1.95,3.95,25.05025,68.864383,25.105261,47.22688
130907B,236.63,-25.1,7.37,3.14,3.14,9/7/13 18:14,0.587,-0.32,2.82,3.14,1.05,2.25,205,2.61E-07,0.008,1,2.15,1.63E-16,0.74,3.17,0.75,1.95,3.95,25.154714,85.952552,25.220023,64.323451
130611A,238.84,-25.23,2.97,66.81,66.81,6/11/13 12:54,0.87,0.26,67.07,66.81,1.05,2.25,205,7.44E-06,0.008,1,2.15,4.66E-15,0.74,3.17,0.75,1.95,3.95,25.22004,255.056785,25.160666,233.456998
160612A,348.364,-25.375,0.05,0.38,0.38,6/12/16 20:12,0.549,-0.22,0.16,0.448,0.7,2.7,1148,9.80E-07,0.01,1,0.5,2.31E-15,0.27,2.1,0.3,2.3,4.3,25.229105,253.424111,25.170812,231.825121
131021A,329.12,-25.35,6.39,17.67,17.67,10/21/13 8:26,0.451,-0.77,16.9,17.67,1.05,2.25,205,1.40E-06,0.008,1,2.15,8.75E-16,0.74,3.17,0.75,1.95,3.95,25.32277,282.298,25.253,260.683511
150815A,289.92,-25.54,7.01,24.58,24.58,8/15/15 14:29,0.314,-2.05,22.53,24.58,1.05,2.25,205,2.25E-06,0.008,1,2.15,1.41E-15,0.74,3.17,0.75,1.95,3.95,25.35925,218.633022,25.333496,197.046623
150831A,221.024,-25.635,0.0003,4.4,1,8/31/15 10:34,0.519,0,4.4,0.912,0.5,2.5,564,2.40E-06,0.02,10,2.15,1.68E-14,0.12,3.17,0.5,2.5,4.5,25.514749,193.104954,25.519565,171.521057
140619C,233.018,-25.599,0.407,97.792,105,6/19/14 22:46,0,0,97.792,97.792,1.05,2.37,169,1.10E-04,0.02,10,2.15,4.81E-14,0.82,3.17,0.63,1.95,3.95,25.636175,93.433424,25.704214,71.808254
140628B,226.03,-25.83,13.04,12.55,12.55,6/28/14 15:01,0.122,-11.78,0.77,12.55,1.05,2.25,205,1.47E-06,0.008,1,2.15,9.18E-16,0.74,3.17,0.75,1.95,3.95,25.702316,193.901383,25.70616,172.317796
131008A,328,-25.98,2.5,36.35,36.35,10/8/13 20:36,0.793,0,36.35,36.35,1.05,2.25,205,8.23E-06,0.008,1,2.15,5.15E-15,0.74,3.17,0.75,1.95,3.95,25.844013,111.346209,25.91383,89.731508
140905A,340.5,-25.94,2.82,110.08,110.08,9/5/14 10:53,0.717,5.89,115.97,110.08,1.05,2.25,205,2.75E-05,0.008,1,2.15,1.72E-14,0.74,3.17,0.75,1.95,3.95,25.961213,302.425404,25.8937,280.799153
130925A,41.179,-26.153,0.0003,5274.84,6.4,9/25/13 3:56,0.286,-3.84,5271,4500,1.42,3.42,181,5.00E-04,0.01,10,0.35,2.20E-14,2.12,7.39,-0.42,1.58,3.58,26.099591,87.897722,26.165719,66.269204
160428A,28.19,-26.52,8.83,0.57,0.57,4/28/16 9:53,0.762,-0.38,0.19,0.57,1.05,2.25,205,1.78E-07,0.008,1,0.5,2.75E-17,2.1,3.26,0.75,2.75,4.75,26.313511,133.019771,26.376458,111.417711
160218A,33.33,-26.45,9.69,20.22,20.22,2/18/16 17:03,0.419,-9.47,10.75,20.22,1.05,2.25,205,1.27E-06,0.008,1,2.15,7.96E-16,0.74,3.17,0.75,1.95,3.95,26.350046,99.290151,26.419413,77.668214
150629A,307.65,-26.45,11.18,1.92,1.92,6/29/15 13:32,0.688,-0.96,0.96,1.92,1.05,2.25,205,3.69E-07,0.008,1,0.5,5.69E-17,2.1,3.26,0.75,2.75,4.75,26.479543,297.026235,26.410585,275.402976
131006A,325.38,-26.63,18.48,0.13,0.13,10/6/13 8:48,0.364,-0.13,0,0.13,1.05,2.25,205,1.27E-07,0.008,1,0.5,1.96E-17,2.1,3.26,0.75,2.75,4.75,26.623174,287.928811,26.55317,266.311046
160712A,304.16,-26.958,0.0003,16.64,25,7/12/16 19:53,0.42,0,16.64,16.64,0.17,2.17,460,6.50E-06,0.02,10,2.15,4.19E-14,0.15,3.17,0.83,2.83,4.83,26.713937,184.55393,26.729083,162.971103
161219B,91.714,-26.792,0.0003,67727.38,10,12/19/16 0:00,0,0,67727.38,10,1.59,3.59,91,1.00E-05,0.01,10,0.1475,2.23E-16,3.25,8.69,-0.59,1.41,3.41,26.721335,113.659191,26.790883,92.046008
150424A,152.306,-26.631,0.0001,106.38,91,4/24/15 7:42,0,-0.06,106.32,0.256,0.37,2.37,919,1.81E-05,0.02,10,2.15,2.36E-13,0.08,3.17,0.63,2.63,4.63,26.789898,294.34331,26.72045,272.721603
140907B,163.82,-27,9.53,27.39,27.39,9/7/14 10:18,0.89,-7.42,19.97,27.39,1.05,2.25,205,1.35E-06,0.008,1,2.15,8.43E-16,0.74,3.17,0.75,1.95,3.95,26.949387,132.783515,27.01246,111.181749
140405A,119.1,-26.89,3.92,39.93,39.93,4/5/14 0:47,0.521,-0.51,39.42,39.93,1.05,2.25,205,2.60E-06,0.008,1,2.15,1.63E-15,0.74,3.17,0.75,1.95,3.95,27.108478,23.983269,27.116888,2.330445
140304B,354.18,-27.03,3.31,232.71,232.71,3/4/14 20:22,0.144,1.02,233.73,232.71,1.05,2.25,205,8.32E-06,0.008,1,2.15,5.21E-15,0.74,3.17,0.75,1.95,3.95,27.141755,355.916168,27.116475,334.265479
150831B,271.03,-27.243,0.0203,13.76,13.76,8/31/15 22:19,0.158,-1.66,12.1,10.3,0.93,2.93,82.3,2.51E-06,0.01,1,2.15,1.24E-15,0.86,3.17,0.07,2.07,4.07,27.315116,66.434635,27.36824,44.793819
160419A,16.418,-27.341,0.0101,30.98,24.32,4/19/16 15:16,0.389,-20.48,10.5,13,0.76,2.76,107.1,3.50E-06,0.015,0.15,2.15,1.88E-15,1.11,3.17,0.24,2.24,4.24,27.38056,49.085165,27.417666,27.437154
150118C,160.077,-27.555,0.096,3.064,0.29,1/18/15 22:14,0.661,0,3.064,0.448,0.9,2,415,1.20E-06,0.01,1,2.15,1.99E-15,0.46,3.17,1,2.1,4.1,27.444946,178.337031,27.467406,156.754249
130807A,269.801,-27.616,0.0172,176,176,8/7/13 10:25,0,-12.18,163.82,176,0.31,2.31,75.9,1.20E-06,0.015,0.15,2.15,1.56E-15,0.93,3.17,0.69,2.69,4.69,27.604976,267.089026,27.539174,245.484274
150430A,326.481,-27.919,0.0162,135.8,111.62,4/30/15 0:21,0.647,-4.1,131.7,0,0.79,2.21,200,2.95E-05,0.02,10,2.15,4.41E-14,0.35,3.17,0.79,2.21,4.21,27.687269,213.443959,27.667506,191.86195
130406B,109.66,-27.86,7.66,88.83,88.83,4/6/13 8:00,0.766,-5.12,83.71,88.83,1.05,2.25,205,3.21E-06,0.008,1,2.15,2.01E-15,0.74,3.17,0.75,1.95,3.95,27.873093,264.473903,27.80845,242.870867
131102A,74.1,-28.01,14.82,62.98,62.98,11/2/13 14:55,0.623,0,62.98,62.98,1.05,2.25,205,1.42E-06,0.008,1,2.15,8.90E-16,0.74,3.17,0.75,1.95,3.95,28.013887,277.870628,27.944774,256.259332
160709A,235.996,-28.188,0.0243,5.06,5.6,7/9/16 19:49,0.5,-0.26,4.8,0.4,0.51,2.51,2554,1.50E-05,0.02,10,2.15,2.46E-13,0.06,3.17,0.49,2.49,4.49,28.141993,120.60521,28.210058,98.996755
160221B,232.082,-28.434,0.04,11.52,11.52,2/21/16 23:49,0.218,-1.79,9.73,11.52,1.05,2.25,205,1.75E-06,0.008,1,2.15,1.10E-15,0.74,3.17,0.75,1.95,3.95,28.3018,193.234221,28.306455,171.654604
150720A,119.581,-28.263,0.0003,161.5,151,7/20/15 0:00,0,-35.1,126.4,161.5,2.61,3.61,200,5.60E-07,0.015,0.15,2.15,1.46E-16,0.35,3.17,-0.61,0.39,2.39,28.378279,291.882654,28.308514,270.262246
160401A,290.19,-28.9,2.73,20.99,20.99,4/1/16 1:34,0.509,0.77,21.76,20.99,1.05,2.25,205,9.31E-06,0.008,1,2.15,5.83E-15,0.74,3.17,0.75,1.95,3.95,28.677667,186.777791,28.690148,165.198245
140701A,351.45,-28.66,3.82,25.09,25.09,7/1/14 13:36,0.074,-7.68,17.41,25.09,1.05,2.25,205,2.65E-06,0.008,1,2.15,1.66E-15,0.74,3.17,0.75,1.95,3.95,28.751464,337.73365,28.707075,316.086734
140901B,112.184,-29.209,0.0203,65,65,9/1/14 6:17,0.79,0,65,65,1.2,3.2,219,3.80E-06,0.01,1,2.15,4.84E-15,0.32,3.17,-0.2,1.8,3.8,29.079107,147.40715,29.13246,125.815151
140901C,112.184,-29.209,0.1,65.02,65.02,9/1/14 6:17,0.787,-0.51,64.51,65.02,1.05,2.25,205,2.93E-06,0.008,1,2.15,1.83E-15,0.74,3.17,0.75,1.95,3.95,29.079107,147.40715,29.13246,125.815151
130831B,192.42,-29.183,0.0003,44.5,37.8,8/31/13 13:48,0,-13.9,30.6,44.5,1.88,2.88,200,1.40E-06,0.015,0.15,2.15,1.14E-15,0.35,3.17,0.12,1.12,3.12,29.176698,115.420183,29.245966,93.808635
160827A,179.274,-29.178,0.0243,14.59,13.3,8/27/16 15:46,0,-5.81,8.78,14.59,1.95,2.95,200,4.00E-07,0.015,0.15,2.15,2.88E-16,0.35,3.17,0.05,1.05,3.05,29.314768,76.294689,29.374918,54.657309
161117A,322.052,-29.614,0.0002,164.14,122,11/17/16 1:35,0.36,-4.7,159.44,134.1,0.43,2.27,68.04,3.93E-05,0.01,1,1.549,2.37E-15,3.67,3.91,0.73,2.57,4.57,29.728019,351.560068,29.697852,329.906775
140511A,329.76,-30.06,8.84,1.4,1.4,5/11/14 2:17,0.56,-0.06,1.34,1.4,1.05,2.25,205,3.71E-07,0.008,1,0.5,5.72E-17,2.1,3.26,0.75,2.75,4.75,29.798442,176.584554,29.822917,155.004899
141125A,127.91,-29.874,0.429,2,-,11/25/14 3:33,0,0,2,0,1,2,200,1.00E-05,0.01,10,2.15,1.16E-14,0.35,3.17,1,2,4,29.827637,120.605691,29.895702,98.997868
150227A,190.3,-29.93,8.15,17.41,17.41,2/27/15 16:51,0.54,-1.54,15.87,17.41,1.05,2.25,205,2.46E-06,0.008,1,2.15,1.54E-15,0.74,3.17,0.75,1.95,3.95,29.948816,250.03805,29.892913,228.44507
150511A,91.18,-30.35,5.05,31.24,31.24,5/11/15 8:41,0.502,-0.26,30.98,31.24,1.05,2.25,205,3.35E-06,0.008,1,2.15,2.10E-15,0.74,3.17,0.75,1.95,3.95,30.181313,201.678809,30.175657,180.102151
150426A,17.64,-30.23,1.46,22.53,22.53,4/26/15 14:15,0.223,0.83,23.36,22.53,1.05,2.25,205,1.09E-05,0.008,1,2.15,6.79E-15,0.74,3.17,0.75,1.95,3.95,30.246515,59.471406,30.293716,37.823989
150318B,269.05,-30.22,2.19,94.72,94.72,3/18/15 12:29,0.024,0.77,95.49,94.72,1.05,2.25,205,4.33E-06,0.008,1,2.15,2.71E-15,0.74,3.17,0.75,1.95,3.95,30.400587,15.807451,30.399024,354.149149
140223A,141.12,-30.4,5.55,17.41,17.41,2/23/14 11:53,0.119,-0.77,16.64,17.41,1.05,2.25,205,1.98E-06,0.008,1,2.15,1.24E-15,0.74,3.17,0.75,1.95,3.95,30.49663,279.30258,30.427259,257.690902
141209A,90.2,-30.57,3.5,78.09,78.09,12/9/14 3:07,0.542,2.3,80.39,78.09,1.05,2.25,205,5.55E-06,0.008,1,2.15,3.47E-15,0.74,3.17,0.75,1.95,3.95,30.620049,75.37831,30.679617,53.739274
151218A,9.45,-30.73,10.77,3.33,3.33,12/18/15 20:33,0.902,-0.77,2.56,3.33,1.05,2.25,205,6.61E-07,0.008,1,2.15,4.14E-16,0.74,3.17,0.75,1.95,3.95,30.665958,83.945401,30.730343,62.311836
130701C,325.94,-30.89,1.68,1.6,1.6,7/1/13 18:15,0.713,-0.06,1.54,1.6,1.05,2.25,205,4.92E-06,0.008,1,0.5,7.59E-16,2.1,3.26,0.75,2.75,4.75,30.733844,241.911851,30.684458,220.32409
130715A,287.37,-31.05,1,92,46,7/15/13 21:44,0.377,-30,62,61.44,0.58,2.44,314.6,4.70E-05,0.01,1,2.15,7.92E-14,0.46,3.17,0.56,2.42,4.42,30.885345,137.314717,30.945818,115.718608
131117A,332.331,-31.762,0.0003,13,11,11/17/13 0:34,0,-1,12,13,0.4,2.4,44,2.50E-07,0.015,0.15,4.042,5.46E-16,0.62,1.98,0.6,2.6,4.6,31.874254,17.51568,31.874777,355.854908
141105A,202.6,-32,5.67,19.2,19.2,11/5/14 8:35,0.875,-7.42,11.78,19.2,1.05,2.25,205,1.84E-06,0.008,1,2.15,1.15E-15,0.74,3.17,0.75,1.95,3.95,31.929936,139.137954,31.989255,117.543917
140919A,221.537,-32.176,0.0003,175.3,151.3,9/19/14 15:15,0,-0.7,174.6,129.03,1.8,3.8,103,1.20E-05,0.01,1,2.15,8.32E-15,0.19,3.17,-0.8,1.2,3.2,32.189673,104.31654,32.259605,82.697185
130610B,176.359,-32.187,0.277,16.64,16.64,6/10/13 21:21,0.093,0,16.64,16.64,1.7,3.7,62,8.50E-06,0.02,10,2.15,2.78E-15,1.14,3.17,-0.7,1.3,3.3,32.341858,66.626818,32.395133,44.980788
140701B,285.44,-32.59,4.33,6.91,6.91,7/1/14 19:59,0.257,-1.79,5.12,6.91,1.05,2.25,205,2.61E-06,0.008,1,2.15,1.63E-15,0.74,3.17,0.75,1.95,3.95,32.376067,175.708878,32.40154,154.133009
140329A,145.698,-32.229,0.2,33.024,33.024,3/29/14 7:04,0,0,33.024,35.9,0.83,2.38,244,7.07E-05,0.01,1,2.15,6.95E-14,0.59,3.17,0.62,2.17,4.17,32.451105,322.708331,32.3942,301.065188
130408A,134.405,-32.361,0.0003,35.5,7,4/8/13 21:51,0,-2,33.5,16.64,0.7,2.3,272,1.20E-05,0.02,10,3.758,4.96E-14,0.25,2.1,0.7,2.3,4.3,32.455125,79.144791,32.516981,57.506673
140720A,175.03,-32.31,28.19,0.32,0.32,7/20/14 3:47,0.368,-0.13,0.19,0.32,1.05,2.25,205,2.00E-07,0.008,1,0.5,3.08E-17,2.1,3.26,0.75,2.75,4.75,32.458657,290.094686,32.388743,268.4751
150122A,151.23,-32.6,3.3,53.25,53.25,1/22/15 23:02,0.32,-0.51,52.74,53.25,1.05,2.25,205,3.17E-06,0.008,1,2.15,1.98E-15,0.74,3.17,0.75,1.95,3.95,32.505102,153.572843,32.553274,131.988008
140901A,15.816,-32.755,0.2123,0.18,0.18,9/1/14 19:41,0.575,-0.02,0.16,0.19,0.3,3,1250,4.80E-06,0.01,1,0.5,6.10E-15,0.43,2.1,0,2.7,4.7,32.507688,209.345151,32.492772,187.771492
151120A,157.25,-32.524,0.025,30.93,20,11/20/15 8:22,0.357,0,30.93,21.757,1.26,2.3,217,9.40E-06,0.01,1,2.15,6.08E-15,0.63,3.17,0.7,1.74,3.74,32.627359,82.505555,32.691032,60.869658
160111B,310.24,-32.78,5.68,26.88,26.88,1/11/16 2:45,0.291,-0.51,26.37,26.88,1.05,2.25,205,2.63E-06,0.008,1,2.15,1.64E-15,0.74,3.17,0.75,1.95,3.95,32.718023,268.740565,32.651559,247.137446
150805B,326.08,-33.4,13.14,1.41,1.41,8/5/15 17:54,0.51,-0.58,0.83,1.41,1.05,2.25,205,3.82E-07,0.008,1,0.5,5.90E-17,2.1,3.26,0.75,2.75,4.75,33.166028,213.435891,33.14627,191.862533
140308A,357.561,-33.348,0.1537,90,64,3/8/14 3:49,0.03,-10,80,65.024,0.81,2.07,246,1.01E-04,0.02,10,2.15,5.29E-14,0.74,3.17,0.93,2.19,4.19,33.188062,244.193589,33.136739,222.607468
150202A,39.227,-33.148,0.0003,28.8,25.7,2/2/15 23:10,0,-1.7,27.1,28.8,1.5,2.5,200,6.10E-07,0.015,0.15,2.15,1.17E-15,0.35,3.17,0.5,1.5,3.5,33.254588,28.819346,33.268823,7.157146
160512A,240.68,-33.09,2.05,116.75,116.75,5/12/16 4:45,0.731,-72.46,44.29,116.75,1.05,2.25,205,2.40E-06,0.008,1,2.15,1.50E-15,0.74,3.17,0.75,1.95,3.95,33.257598,48.858312,33.294463,27.202013
151021A,337.643,-33.197,0.0003,149,110.2,10/21/15 1:29,0,-21.6,127.4,131.328,1.14,2.46,200,7.66E-05,0.02,10,2.15,8.56E-14,0.35,3.17,0.54,1.86,3.86,33.268531,36.160235,33.291408,14.499567
160519B,138.12,-33.03,3.12,17.66,17.66,5/19/16 1:26,0.188,-1.28,16.38,17.66,1.05,2.25,205,3.17E-06,0.008,1,2.15,1.99E-15,0.74,3.17,0.75,1.95,3.95,33.289412,349.153916,33.256617,327.496088
131209A,136.5,-33.2,0.9,17.82,13.56,12/9/13 13:07,0.968,2.82,20.64,22.528,0.41,2.79,267,1.44E-05,0.01,1,2.15,2.41E-14,0.48,3.17,0.21,2.59,4.59,33.421159,330.870282,33.370618,309.221104
141031D,133.08,-33.68,15.62,0.16,0.16,10/31/14 23:57,0.923,-0.06,0.1,0.16,1.05,2.25,205,8.35E-08,0.008,1,0.5,1.29E-17,2.1,3.26,0.75,2.75,4.75,33.560086,203.349362,33.552395,181.778282
130614A,324.18,-33.89,1.22,10.22,4.9,6/14/13 23:56,0.064,-1,9.22,0,1.45,3.45,101,6.10E-06,0.01,1,2.15,2.71E-15,0.7,3.17,-0.45,1.55,3.55,33.636968,171.63281,33.667011,150.057671
130819A,124.72,-33.76,4.93,82.69,82.69,8/19/13 9:27,0.099,-1.54,81.15,82.69,1.05,2.25,205,8.68E-06,0.008,1,2.15,5.44E-15,0.74,3.17,0.75,1.95,3.95,33.694928,124.868435,33.761585,103.265494
130605A,134.536,-33.477,0.0172,15.66,12.6,6/5/13 23:41,0,-6.48,9.18,15.66,1.58,2.58,200,2.60E-06,0.015,0.15,2.15,4.07E-15,0.35,3.17,0.42,1.42,3.42,33.723513,354.380255,33.696487,332.719928
150214A,342.58,-34.17,10.47,0.19,0.19,2/14/15 7:01,0.65,-0.13,0.06,0.19,1.05,2.25,205,2.37E-07,0.008,1,0.5,3.66E-17,2.1,3.26,0.75,2.75,4.75,33.916695,203.110601,33.909293,181.540169
141110A,253.13,-34.09,3.8,36.61,36.61,11/10/14 5:33,0.557,-27.39,9.22,36.61,1.05,2.25,205,2.43E-06,0.008,1,2.15,1.52E-15,0.74,3.17,0.75,1.95,3.95,33.990605,230.325467,33.952188,208.747667
160123A,150.313,-33.775,0.0003,5.05,3.95,1/23/16 8:58,0,-2.05,3,5.05,1.51,2.51,200,3.50E-07,0.015,0.15,2.15,6.54E-16,0.35,3.17,0.49,1.49,3.49,34.042626,3.481038,34.026154,341.817843
140301A,69.557,-34.257,0.0003,36,31,3/1/14 15:24,0,-13.18,22.82,36,1.96,2.96,200,4.40E-07,0.015,0.15,2.15,3.11E-16,0.35,3.17,0.04,1.04,3.04,34.073639,148.899391,34.125791,127.313779
160310B,245.59,-34.03,4.45,23.62,23.62,3/10/16 6:59,0.55,0,23.62,23.62,1.05,2.25,205,2.54E-06,0.008,1,2.15,1.59E-15,0.74,3.17,0.75,1.95,3.95,34.088731,82.502576,34.152402,60.865612
161206A,0.94,-34.02,1,34,34,12/6/16 1:32,0.08,-9,25,34,0.85,2.11,309,3.92E-05,0.01,1,2.15,4.65E-14,0.57,3.17,0.89,2.15,4.15,34.114265,12.497917,34.108661,350.83341
160225B,150.19,-34.71,1,64.26,64.26,2/25/16 19:24,0.394,2.56,66.82,31.744,0.91,2.91,124.1,1.43E-05,0.01,1,2.15,1.27E-14,0.57,3.17,0.09,2.09,4.09,34.602619,173.889221,34.630148,152.316419
150915A,319.731,-34.854,0.0304,0,-,9/15/15 21:18,0,0,0,0,1,2,1000,1.00E-05,0.01,10,1.968,9.26E-15,0.4,3.36,1,2,4,34.703499,115.680761,34.772721,94.070799
150722A,218.278,-35.196,0.0003,74,67,7/22/15 9:57,0,-26,48,74,1.79,2.79,200,6.10E-07,0.015,0.15,2.15,5.94E-16,0.35,3.17,0.21,1.21,3.21,35.166514,238.79573,35.119896,217.215262
150711A,221.627,-35.456,0.0003,104.3,64.2,7/11/15 18:23,0,-34.1,70.2,32,1.16,3.16,117,2.80E-06,0.014,10,2.15,1.78E-15,0.6,3.17,-0.16,1.84,3.84,35.408455,126.576554,35.474444,104.975967
141121B,235.89,-35.6,6.96,3.84,3.84,11/21/14 9:56,0.482,-2.82,1.02,3.84,1.05,2.25,205,8.79E-07,0.008,1,2.15,5.50E-16,0.74,3.17,0.75,1.95,3.95,35.505725,136.563725,35.566654,114.971119
151029A,38.528,-35.386,0.0003,11.57,8.95,10/29/15 7:49,0,-1.1,10.47,11.57,0.49,2.49,33.9,3.90E-07,0.015,0.15,1.423,3.48E-17,3.51,4.12,0.51,2.51,4.51,35.505729,353.578937,35.477801,331.91592
150527B,10.8,-35.6,3.03,63.23,63.23,5/27/15 15:53,0.662,-15.36,47.87,63.23,1.05,2.25,205,5.04E-06,0.008,1,2.15,3.16E-15,0.74,3.17,0.75,1.95,3.95,35.703599,357.364261,35.67997,335.699681
130930A,190.661,-35.502,0.0304,10,-,9/30/13 19:09,0,0,10,0,1,2,200,1.00E-05,0.01,10,2.15,1.16E-14,0.35,3.17,1,2,4,35.765421,3.481048,35.748947,341.814811
150118B,240.24,-35.75,0.5,58.368,58.368,1/18/15 9:48,0.394,0,58.368,58.368,0.98,2.98,695,1.87E-04,0.02,10,2.15,9.22E-13,0.1,3.17,0.02,2.02,4.02,35.801888,85.744611,35.867104,64.108984
141128A,321.8,-35.76,8.75,0.28,0.28,11/28/14 23:05,0.838,-0.1,0.18,0.28,1.05,2.25,205,1.76E-07,0.008,1,0.5,2.72E-17,2.1,3.26,0.75,2.75,4.75,35.875923,17.534158,35.876465,355.866287
150726A,264.38,-36.2,3.17,46.85,46.85,7/26/15 21:02,0.541,-23.3,23.55,46.85,1.05,2.25,205,6.82E-06,0.008,1,2.15,4.27E-15,0.74,3.17,0.75,1.95,3.95,36.127934,114.614808,36.197339,93.004296
140110A,28.9,-36.26,0.5,9.48,9.48,1/10/14 6:18,0.936,-0.26,9.22,6.288,0.59,2.7,1400,7.10E-06,0.01,1,2.15,1.31E-13,0.09,3.17,0.3,2.41,4.41,36.273815,294.276697,36.204356,272.653021
140911A,128.39,-36.56,3.08,116.74,116.74,9/11/14 0:17,0.058,-0.26,116.48,116.74,1.05,2.25,205,6.78E-06,0.008,1,2.15,4.25E-15,0.74,3.17,0.75,1.95,3.95,36.526008,243.877302,36.474946,222.295509
141003A,321.77,-36.89,7,8.7,8.7,10/3/14 13:32,0.102,-0.51,8.19,8.7,1.05,2.25,205,1.85E-06,0.008,1,2.15,1.16E-15,0.74,3.17,0.75,1.95,3.95,36.671625,216.390015,36.648429,194.821943
140430B,146.38,-36.88,1.82,26.37,26.37,4/30/14 17:11,0.81,-12.8,13.57,26.37,1.05,2.25,205,9.18E-06,0.008,1,2.15,5.75E-15,0.74,3.17,0.75,1.95,3.95,36.807987,139.917662,36.866793,118.328886
130627A,184.415,-37.087,0.0003,49.52,35.84,6/27/13 8:55,0.934,-17.92,31.6,27.65,1.4,3.4,86,1.33E-06,0.01,1,2.15,5.21E-16,0.82,3.17,-0.4,1.6,3.6,37.085607,244.763789,37.033811,223.182124
150201A,11.833,-37.619,0.0003,57,22.272,2/1/15 13:46,0.653,0,57,38.913,1.02,2.7,131,6.63E-05,0.01,1,2.15,3.14E-14,0.85,3.17,0.3,1.98,3.98,37.388467,143.636644,37.444683,122.051331
150201C,11.833,-37.619,0.0014,25.6,25.6,2/1/15 14:09,0.978,-0.51,25.09,25.6,1.05,2.25,205,2.38E-06,0.008,1,2.15,1.49E-15,0.74,3.17,0.75,1.95,3.95,37.400565,137.865536,37.460694,116.275749
140721A,177.645,-37.735,3.6243,132.95,127.74,7/21/14 8:03,0.317,-27.39,105.56,91.137,1.05,1.98,129,4.95E-05,0.01,1,2.15,1.22E-14,1.52,3.17,1.02,1.95,3.95,37.691215,227.568257,37.655654,205.997586
150626A,111.337,-37.781,0.0003,192,144,6/26/15 2:12,0,-47.3,144.7,192,2.11,3.11,200,1.80E-06,0.015,0.15,2.15,1.00E-15,0.35,3.17,-0.11,0.89,2.89,37.829121,273.928216,37.76094,252.323314
140706A,49.294,-38.052,0.0003,60.9,48.3,7/6/14 19:33,0,-21.3,39.6,57,1.37,3.37,96,2.95E-06,0.01,1,2.15,1.32E-15,0.73,3.17,-0.37,1.63,3.63,38.094983,300.91447,38.027004,279.284117
150603A,73.96,-38.39,1.06,59.64,59.64,6/3/15 2:31,0.5,-8.7,50.94,59.64,1.05,2.25,205,2.15E-06,0.008,1,2.15,1.35E-15,0.74,3.17,0.75,1.95,3.95,38.318949,254.463087,38.259959,232.875618
150712A,20.25,-38.46,4.3,59.65,59.65,7/12/15 20:18,0.641,-11.52,48.13,59.65,1.05,2.25,205,2.45E-06,0.008,1,2.15,1.54E-15,0.74,3.17,0.75,1.95,3.95,38.326708,254.99765,38.267369,233.409754
140710C,2.8,-38.88,6.45,0.38,0.38,7/10/14 12:53,0.515,-0.06,0.32,0.38,1.05,2.25,205,3.83E-07,0.008,1,0.5,5.90E-17,2.1,3.26,0.75,2.75,4.75,38.981806,351.022329,38.951039,329.354225
150423B,220.39,-38.84,14.73,14.34,14.34,4/23/15 6:50,0.915,-2.56,11.78,14.34,1.05,2.25,205,1.26E-06,0.008,1,2.15,7.91E-16,0.74,3.17,0.75,1.95,3.95,39.085989,16.711337,39.085521,355.037232
150523B,202.27,-39.2,5.74,114.69,114.69,5/23/15 16:33,0.768,-15.87,98.82,114.69,1.05,2.25,205,5.73E-06,0.008,1,2.15,3.59E-15,0.74,3.17,0.75,1.95,3.95,39.09214,182.745223,39.109424,161.183123
151031A,83.196,-39.121,0.0004,6,5,10/31/15 5:50,0,0.3,6.3,6,2.41,3.41,200,3.20E-07,0.015,0.15,2.15,1.17E-16,0.35,3.17,-0.41,0.59,2.59,39.185867,66.331316,39.238903,44.676788
140619A,27.109,-39.259,0.0002,413.96,233.9,6/19/14 11:38,0,32.3,446.26,340,1.3,3.3,236,5.40E-05,0.02,10,2.15,6.65E-14,0.28,3.17,-0.3,1.7,3.7,39.294175,54.823386,39.337023,33.160804
150708A,308.56,-39.36,3.13,95.24,95.24,7/8/15 8:08,0.077,-7.17,88.07,95.24,1.05,2.25,205,1.71E-05,0.008,1,2.15,1.07E-14,0.74,3.17,0.75,1.95,3.95,39.488312,10.392303,39.480142,348.717779
161004B,112.151,-39.898,0.0003,32.47,15.9,10/4/16 23:07,0,-5.16,27.31,18.4,0.75,2.4,132,1.88E-05,0.01,1,2.15,7.34E-15,1.1,3.17,0.6,2.25,4.25,39.786775,220.834219,39.758527,199.270303
140916A,40.399,-39.686,0.0003,96.1,80.1,9/16/14 10:43,0,-6.6,89.5,96.1,2.15,3.15,200,1.70E-06,0.015,0.15,2.15,8.92E-16,0.35,3.17,-0.15,0.85,2.85,39.808977,353.983068,39.781498,332.312189
150522A,289.32,-39.67,3.81,43.77,43.77,5/22/15 10:23,0.241,-11.26,32.51,43.77,1.05,2.25,205,2.29E-06,0.008,1,2.15,1.43E-15,0.74,3.17,0.75,1.95,3.95,39.826369,3.613507,39.810049,341.939508
140611A,349.939,-40.111,0.0405,8.448,-,6/11/14 3:51,0.927,0,8.448,8.448,0.68,2.68,1460,1.50E-05,0.02,10,2.15,2.37E-13,0.05,3.17,0.32,2.32,4.32,39.876605,142.752754,39.933457,121.169686
160411A,349.357,-40.242,0.0004,0.68,0.36,4/11/16 1:28,0,0.06,0.74,0.4,1.43,2.43,1000,8.00E-08,0.015,0.15,0.5,1.85E-16,0.31,2.1,0.57,1.57,3.57,40.050217,237.226973,40.005042,215.654661
130609B,53.771,-40.174,0.0001,221.09,191.98,6/9/13 21:38,0,-7.84,213.25,28.669,0.66,2.6,491,6.02E-05,0.01,1,1.3,6.02E-14,0.51,4.34,0.4,2.34,4.34,40.225388,300.368729,40.157253,278.737889
130509A,240.85,-40.22,2.08,24.32,24.32,5/9/13 1:52,0.786,0.51,24.83,24.32,1.05,2.25,205,9.01E-06,0.008,1,2.15,5.64E-15,0.74,3.17,0.75,1.95,3.95,40.236653,95.842684,40.305324,74.213897
141230C,246.93,-40.18,10.48,0.22,0.22,12/30/14 20:54,0.714,-0.16,0.06,0.22,1.05,2.25,205,1.48E-07,0.008,1,0.5,2.28E-17,2.1,3.26,0.75,2.75,4.75,40.314833,304.017153,40.24786,282.382624
131211A,271.34,-40.61,3.56,44.8,44.8,12/11/13 12:14,0.965,-12.54,32.26,44.8,1.05,2.25,205,4.51E-06,0.008,1,2.15,2.82E-15,0.74,3.17,0.75,1.95,3.95,40.519345,117.350053,40.588231,95.743517
150923B,267.81,-40.66,6.37,0.19,0.19,9/23/15 10:18,0.924,-0.06,0.13,0.19,1.05,2.25,205,2.61E-07,0.008,1,0.5,4.02E-17,2.1,3.26,0.75,2.75,4.75,40.519763,221.16203,40.491148,199.599376
140604A,263.17,-40.406,0.212,8.448,1,6/4/14 4:50,0.447,0,8.448,8.448,0.54,2.54,795,7.20E-06,0.02,10,2.15,7.08E-14,0.09,3.17,0.46,2.46,4.46,40.539667,48.136934,40.575773,26.468362
150817B,31.05,-41,2.41,13.31,13.31,8/17/15 6:00,0.763,-0.51,12.8,13.31,1.05,2.25,205,7.28E-06,0.008,1,2.15,4.55E-15,0.74,3.17,0.75,1.95,3.95,40.937002,85.578171,41.002143,63.938653
150222C,294.54,-40.94,11.32,74.75,74.75,2/22/15 19:58,0.437,-56.32,18.43,74.75,1.05,2.25,205,3.84E-06,0.008,1,2.15,2.41E-15,0.74,3.17,0.75,1.95,3.95,41.029938,312.463128,40.966686,290.819802
140329B,92.35,-41.08,9.18,0.06,0.06,3/29/14 6:31,0.774,-0.03,0.03,0.06,1.05,2.25,205,2.38E-07,0.008,1,0.5,3.67E-17,2.1,3.26,0.75,2.75,4.75,41.115766,277.57769,41.04671,255.970508
140529A,228.81,-41.042,0.0122,8.448,3,5/29/14 9:28,0.312,0,8.448,8.448,1.5,3.5,52,2.60E-06,0.02,10,2.15,7.39E-16,1.35,3.17,-0.5,1.5,3.5,41.216619,309.775838,41.152029,288.134962
160131B,333.69,-41.44,9.16,34.82,34.82,1/31/16 2:46,0.933,-2.82,32,34.82,1.05,2.25,205,1.77E-06,0.008,1,2.15,1.11E-15,0.74,3.17,0.75,1.95,3.95,41.368481,272.084853,41.300846,250.483526
150222B,155.897,-41.17,0.0608,65.28,65.28,2/22/15 10:48,0.412,8.45,73.73,65.28,1.05,2.25,205,1.95E-05,0.008,1,2.15,1.22E-14,0.74,3.17,0.75,1.95,3.95,41.375613,311.595289,41.311913,289.952489
131216A,94.674,-41.627,1.4397,25.38,5.69,12/16/13 1:56,0.11,-1,24.38,11.52,0.64,2.03,359,8.60E-06,0.01,1,2.15,1.42E-14,0.52,3.17,0.97,2.36,4.36,41.633117,90.652375,41.700273,69.017524
150219A,271.251,-41.594,0.0006,60.46,36.09,2/19/15 12:31,0.259,1.54,62,40.961,0.82,2.17,166.7,1.00E-05,0.01,1,2.15,4.73E-15,1,3.17,0.83,2.18,4.18,41.723603,44.399374,41.755721,22.726632
131113A,157.99,-41.52,1.21,60.55,60.55,11/13/13 11:35,0.157,3.39,63.94,60.55,1.05,2.25,205,2.30E-05,0.008,1,2.15,1.44E-14,0.74,3.17,0.75,1.95,3.95,41.731175,41.304933,41.759886,19.630713
150228A,231.32,-41.87,2.03,4.13,4.13,2/28/15 20:16,0.114,0,4.13,4.13,1.05,2.25,205,6.59E-06,0.008,1,2.15,4.13E-15,0.74,3.17,0.75,1.95,3.95,41.820994,238.73316,41.774428,217.162663
130404B,146.58,-42.16,1.08,34.56,34.56,4/4/13 20:10,0.028,0.32,34.88,34.56,1.05,2.25,205,8.36E-06,0.008,1,2.15,5.23E-15,0.74,3.17,0.75,1.95,3.95,42.131303,120.751966,42.199325,99.14974
150305A,269.769,-42.648,0.0253,100,100,3/5/15 9:49,0,0,100,100,1,2,200,7.00E-07,0.02,0.2,2.15,4.37E-15,0.35,3.17,1,2,4,42.70984,69.751419,42.765508,48.094949
151210B,293.97,-42.7,3.37,37.63,37.63,12/10/15 0:59,0.643,0.77,38.4,43,1.45,3.45,306,5.80E-06,0.01,1,2.15,6.78E-15,0.23,3.17,-0.45,1.55,3.55,42.786565,310.547844,42.722345,288.904828
141011B,259.38,-43,4.13,12.03,12.03,10/11/14 11:12,0.017,0,12.03,12.03,1.05,2.25,205,2.89E-06,0.008,1,2.15,1.81E-15,0.74,3.17,0.75,1.95,3.95,42.824852,181.172491,42.843988,159.617692
150324A,180.81,-42.72,4.19,4.61,4.61,3/24/15 3:56,0.923,1.02,5.63,4.61,1.05,2.25,205,4.85E-06,0.008,1,2.15,3.04E-15,0.74,3.17,0.75,1.95,3.95,42.927562,50.501414,42.966111,28.829778
151205B,41.19,-43.461,0.0233,1.5,1.4,12/5/15 21:43,0,-0.2,1.3,1.5,1.74,2.74,1000,7.70E-08,0.015,0.15,0.5,6.31E-17,0.31,2.1,0.26,1.26,3.26,43.330302,111.035157,43.400146,89.4225
150418B,312.43,-43.53,9.17,3.84,3.84,4/18/15 19:39,0.422,-1.54,2.3,3.84,1.05,2.25,205,6.42E-07,0.008,1,2.15,4.02E-16,0.74,3.17,0.75,1.95,3.95,43.503948,280.740073,43.434362,259.130143
130928A,306.91,-44.19,3.26,133,133,9/28/13 12:52,0.193,0.51,133.51,133,1.05,2.25,205,1.95E-05,0.008,1,2.15,1.22E-14,0.74,3.17,0.75,1.95,3.95,43.9903,216.13789,43.967385,194.584491
151111A,56.845,-44.162,0.0003,96.97,76.93,11/11/15 8:33,0,-5.62,91.35,96.97,0.79,2.79,56.6,1.70E-06,0.015,0.15,3.5,2.65E-15,0.61,2.22,0.21,2.21,4.21,44.300138,348.128054,44.26623,326.451077
140817B,29.05,-44.48,5.17,26.11,26.11,8/17/14 5:30,0.358,-10.75,15.36,26.11,1.05,2.25,205,2.38E-06,0.008,1,2.15,1.49E-15,0.74,3.17,0.75,1.95,3.95,44.401451,91.05964,44.468746,69.423464
131103A,348.919,-44.641,0.0002,23,17.3,11/3/13 22:07,0,-9.5,13.5,23,1.97,2.97,200,8.20E-07,0.015,0.15,0.5955,7.47E-17,1.37,6.25,0.03,1.03,3.03,44.586736,83.825027,44.65106,62.180514
161105A,120.184,-44.775,0.0003,252.81,177.3,11/5/16 4:53,0,-88,164.81,252.81,1.02,3.02,159.1,6.10E-06,0.015,0.15,2.15,1.39E-14,0.44,3.17,-0.02,1.98,3.98,44.748091,112.088249,44.817834,90.477099
150305B,225.12,-44.74,11.36,16.13,16.13,3/5/15 17:23,0.693,-0.26,15.87,16.13,1.05,2.25,205,1.72E-06,0.008,1,2.15,1.08E-15,0.74,3.17,0.75,1.95,3.95,44.799793,270.953583,44.732527,249.355606